symbol,open,high,low,close,lastPrice,volume
21STCENMGM,0,0,0,72.05,72.05,50
AADHARHFC,436.8,436.8,423,0,423,2682
AAKASH,14.89,15.9,14.89,0,15.54,30865
AAREYDRUGS,50,50,48.15,0,49.3,250
AARON,266.9,266.9,264.3,0,266.85,110
AARTECH,0,0,0,190,190,
AARTIDRUGS,532.5,548,532.5,0,541.75,368
63MOONS,366.5,368.05,362.05,0,365,179
20MICRONS,227,228.77,222.01,0,224.38,0
3IINFOLTD,39.78,39.78,39.31,0,39.4,8277
AARTIPHARM,615.2,624.35,615,0,624.35,64
3MINDIA,39000,39350,38787.05,0,39349.95,59
A2ZINFRA,0,0,0,21.06,21.06,
3PLAND,38.14,38.14,36.11,0,36.87,700
AAATECH,102.9,102.9,102.1,0,102.9,20
360ONE,927.3,960,920.2,0,928.2,351
AARTISURF,715,717.95,705,0,707.9,448
AARTIIND,718.4,723.15,716.15,0,721.75,851
5PAISA,502,502.9,498.55,0,501.9,173
AARVEEDEN,31.69,31.99,30.63,0,31.08,2212
ABDL,333.75,342.9,333,0,338.9,24929
AAVAS,1780.05,1793.95,1774,0,1777.45,1151
ABBOTINDIA,27986.9,27997.15,27820.8,0,27935.3,11
ABB,8715.95,8715.95,8604.45,0,8635.35,1144
AARVI,142.5,144.59,137.49,0,141.5,4
ABCAPITAL,237.38,239.46,235.98,0,238.7,4425
ABSLAMC,655.7,662,650.3,0,655.95,138
ACE,1522.2,1523.9,1484.75,0,1492.65,610
ACCELYA,1753,1869.9,1753,0,1845.55,109
ABAN,0,0,0,72.7,0,
ABFRL,333.2,333.9,329.2,0,330.4,10976
ABMINTLLTD,65,65,65,0,65,0
ACI,735.5,758.2,730.5,0,757.7,2144
ACC,2734,2740.25,2704.1,0,2734.9,566
ACL,98.14,98.57,98,0,98.22,0
ACCURACY,12.2,12.64,12.11,0,12.55,4564
ACEINTEG,34.64,34.64,33.89,0,33.89,265
ADANIENSOL,1025.8,1025.8,1016.25,0,1022.65,1528
ACLGATI,101,101,99.8,0,100.78,6431
ADANIPOWER,712,714.6,706.5,0,713.5,0
ADANIENT,3143.9,3158.55,3123.95,0,3154.2,2430
ADANIGREEN,1765.2,1773.95,1758,0,1773.8,803
ADFFOODS,235.72,237.59,232.88,0,234.52,1299
ADANIPORTS,1508,1508,1493.9,0,1503.8,6503
ADROITINFO,17.65,17.65,17.4,0,17.4,760
ADSL,223.82,234.08,223.82,0,230.23,5367
ADORWELD,1394,1408.2,1393.75,0,1403.6,78
ADVENZYMES,400,406,395.05,0,399.05,5368
ADL,91.7,93.87,90.08,0,92.38,6
ADVANIHOTR,70.99,70.99,70.26,0,70.64,129
AEGISLOG,890.05,901.95,885.6,0,892.6,599
AHL,496,496,489.1,0,490,511
AHLADA,124,125.55,122.03,0,124.9,100
AHLEAST,143.75,143.75,142,0,142.97,0
AHLUCONT,1337.6,1542.45,1335,0,1522.8,15436
AIAENG,4248.75,4293.1,4233.75,0,4237.75,17
AIIL,1148,1148.95,1135,0,1135.4,19
AIRAN,29.89,30.4,29.3,0,30.39,2695
AFIL,110.09,111,109.2,0,109.3,487
AGRITECH,197.21,197.21,196,0,197.01,0
AGSTRA,79,80,78.6,0,79.5,422
AIROLAM,140.06,144.95,138.1,0,142.05,0
AGI,860,914.95,860,0,894.95,2864
AJANTPHARM,2222,2232,2167.6,0,2173.5,85
AFFLE,1354,1364.35,1347.05,0,1354.3,791
AKASH,38.05,39.15,38.05,0,38.53,3003
AETHER,926.9,929.15,917.2,0,918.6,107
AGROPHOS,47.49,47.51,47,0,47,2051
AGARIND,1234.35,1238,1209.05,0,1217.25,61
AEROFLEX,159.99,160.83,158.46,0,158.73,4031
AKSHAR,2.57,2.58,2.56,0,2.56,27220
AKI,25.29,25.29,24.68,0,25.17,173
AKG,21.99,22.21,20.86,0,21.89,2
AJOONI,6.5,6.77,6.48,0,6.77,21326
AKSHARCHEM,317,326,315.05,0,318.55,10
AJMERA,721,725,716.95,0,718.45,0
ALBERTDAVD,1315.15,1326.1,1311.2,0,1323.65,0
ALKYLAMINE,2139,2146.05,2130,0,2136,79
ALKALI,150.95,153,148.53,0,149.9,0
ALEMBICLTD,115.6,116.64,114.68,0,115.8,4385
ALANKIT,23.7,24.48,23.7,0,24.15,3721
AKSHOPTFBR,8.44,8.45,8.42,0,8.43,95
ALICON,1288,1296.15,1277.05,0,1284.05,14
ALLSEC,1165,1165,1126.55,0,1128.35,854
ALMONDZ,132.56,135.59,132.56,0,133.7,0
AKZOINDIA,2872,2887.95,2867.4,0,2886.85,3
ALPHAGEO,390.2,400,390.2,0,396.2,30
ALLCARGO,64.68,64.68,63.46,0,63.54,26201
ALKEM,4990.9,5066.6,4990.6,0,5045.5,9
AMBER,4495,4527.85,4495,0,4507.85,106
ALPA,86.02,87.34,86,0,87.1,0
AMBUJACEM,682.1,687.1,677,0,686.9,3874
AMBICAAGAR,26.7,26.7,25.99,0,26.28,10
ALPSINDUS,0,0,0,4.27,0,
ALOKINDS,28,28.25,27.96,0,28.2,106645
AMJLAND,48.77,49.9,47.3,0,49.89,12697
AMBIKCO,1651.1,1666.35,1649.95,0,1659.1,13
AMDIND,77,77.09,74.8,0,75.89,25
AMNPLST,291,292.7,287.85,0,290,116
AMIORG,1394,1414,1372.1,0,1411,449
ANANDRATHI,3888.55,3916.45,3880.55,0,3885.1,21
ANTGRAPHIC,1.52,1.54,1.51,0,1.54,17560
ANUP,1785.05,1845,1785.05,0,1845,101
ANURAS,765.45,767.1,761.55,0,763.4,78
APARINDS,8640,8669.4,8524.35,0,8619.85,301
APCL,202.65,203.27,202.58,0,203,0
APCOTEXIND,457.05,457.05,448.55,0,451.7,30
APEX,227,227.73,225.85,0,227.7,336
APLAPOLLO,1575,1580.75,1552,0,1555.8,600
ANMOL,35.6,35.98,35.1,0,35.1,285
ANIKINDS,51.74,51.74,50.51,0,51.4,0
APLLTD,965,989,965,0,977.2,209
APOLLOHOSP,6201,6278.5,6159,0,6267.65,229
AMRUTANJAN,792,793.95,784.05,0,786.65,0
ANDHRAPAP,620.6,620.65,612.25,0,613.2,149
ANANTRAJ,490,509.85,490,0,505.65,2904
ANSALAPI,10,10.2,10,0,10.2,4000
ANKITMETAL,3.93,3.96,3.8,0,3.85,501
ANDHRSUGAR,117.05,118.08,116.72,0,117.19,804
APTECHT,221,224.95,220.51,0,223.17,1565
ARCHIDPLY,0,0,0,100.2,100.2,
APOLLO,104.56,105.5,104.2,0,104.32,5396
APOLSINHOT,1495,1526.5,1495,0,1516.45,8
ANGELONE,2365.05,2410,2351.3,0,2390.55,4549
APOLLOTYRE,525,530.35,522.45,0,529.1,9402
ARIES,277.8,278.85,274.35,0,275.3,406
ARENTERP,46.13,46.52,46.13,0,46.52,0
AROGRANITE,59.14,60.23,59.14,0,59.99,180
ARIHANTCAP,72.5,72.5,71.11,0,71.38,1202
APOLLOPIPE,622.35,635.4,622.35,0,630.3,1986
ARCHIES,26.15,26.19,25.78,0,25.91,50
ARIHANTSUP,366.25,373.45,360.25,0,363.2,2177
ARVIND,388.65,391.3,384,0,385.95,2876
ARSHIYA,5.33,5.33,5.2,0,5.2,6688
ARMANFIN,2097.05,2119.45,2094.45,0,2095.95,0
APTUS,345,345.15,338.6,0,339.8,292
ARVEE,187.5,187.5,186.67,0,186.67,0
ARROWGREEN,574.7,584,574.25,0,576.05,311
ARTEMISMED,184.9,184.94,182.15,0,184,0
ARVINDFASN,534.6,537.7,532.3,0,537.7,1461
ASAHISONG,463.5,469.8,460.35,0,463.9,75
ASAHIINDIA,694,694,686.9,0,691.3,265
ARSSINFRA,24,24.5,23.57,0,24,2
ASALCBR,690.3,690.3,679.25,0,684.3,300
ARTNIRMAN,63.29,66.61,63.29,0,65.36,0
ASHIANA,415,417.95,412,0,413.15,690
ASAL,1054.9,1054.9,1035.05,0,1038.1,1055
ARVSMART,734.95,734.95,715.8,0,720.2,89
ASHAPURMIN,422.95,426,418.45,0,421.8,1200
ASHOKA,232.7,234.78,232,0,233.56,2429
ASPINWALL,274.35,278.35,274.35,0,278.2,0
ASTEC,1441.6,1459.2,1423.85,0,1428.25,70
ASTERDM,347.45,348,342.5,0,343.3,4687
ASTRAL,2369,2425,2369,0,2421.15,1803
ASTRAMICRO,946.95,963.8,942.1,0,949,1049
ASHOKLEY,227,227.89,226,0,227.4,34210
ASIANPAINT,2937.15,2946.9,2930,0,2933,1473
ASIANENE,324.75,324.75,317.8,0,319.75,4
ASTRAZEN,7190,7190,6968.5,0,7061.45,712
ASIANTILES,82.94,84,81.5,0,83.64,29008
ASIANHOTNR,162.2,162.2,161.95,0,161.95,0
ASHOKAMET,20.55,20.75,20.4,0,20.64,0
ATGL,904.1,904.1,892,0,898.45,2824
ASHIMASYN,44.88,46.8,44.8,0,46.73,17046
ATALREAL,0,0,0,8.95,0,
ASKAUTOLTD,392.7,399.6,391.65,0,394,523
ATUL,6810,6810,6706.05,0,6719,1036
ATAM,196.7,197.69,194.25,0,194.25,0
ASTRON,27.03,27.03,27.03,0,27.03,3255
ATLANTAA,0,0,0,37.8,0,
ATFL,791,791,766.55,0,773.7,197
ATL,51.69,51.92,51.32,0,51.85,1260
AUTOIND,140,142.9,139.16,0,140.46,6376
ASMS,22.01,22.01,22.01,0,22.01,2298
ATULAUTO,793.95,794.9,778,0,781.6,2312
AUBANK,674,678.2,671.05,0,671.8,1852
AURIONPRO,1560.2,1597,1560.2,0,1579,1217
AUTOAXLES,2090,2167,2090,0,2155.5,116
AUSOMENT,95,96.95,94.2,0,94.3,1
AVONMORE,13.35,13.49,13.01,0,13.34,1708
AVTNPL,87.31,87.31,85.9,0,86.11,209
AVANTIFEED,601.05,611.45,601.05,0,607.7,2039
AWHCL,540,576,537.55,0,574,1424
AWL,334.5,335.2,332.85,0,334.25,4954
AVADHSUGAR,653,656.4,646.65,0,649.7,148
AUROPHARMA,1255,1271.8,1255,0,1267.45,5113
AWFIS,553.9,553.9,543,0,547.75,499
AURUM,157,159.7,153.7,0,159,1436
AVALON,536.6,542.1,533,0,537.3,20
AXISCADES,584.8,589.95,578.05,0,581.8,2252
AXITA,21.52,21.53,21.45,0,21.48,13160
AZAD,1861,1861.6,1845.05,0,1856,1072
AXISBANK,1272,1290,1270.9,0,1280.5,11403
BAGFILMS,9.2,9.2,9.02,0,9.03,1251
BAFNAPH,93.95,96,91.72,0,92.9,578
AVG,483.35,490,481.7,0,490,0
BAIDFIN,17.5,17.54,17.38,0,17.39,396
AYMSYNTEX,117.41,121.56,116,0,116.94,1528
AVROIND,117.7,119.78,117.68,0,118.1,1
BAJAJCON,264.4,265.75,261.5,0,265.1,1278
BALAMINES,2428.9,2428.9,2385.05,0,2399.55,512
BALAXI,120.1,120.1,119.21,0,119.5,11
BALKRISHNA,25.33,25.91,25.11,0,25.34,30
BALKRISIND,3148,3162.2,3132.05,0,3159.7,543
BALMLAWRIE,274,293.15,273,0,283.1,4094
BAJAJFINSV,1587,1590.7,1575,0,1579.75,0
BAJAJ-AUTO,9522,9600,9493.3,0,9564.9,0
BAJFINANCE,7134,7134,7085,0,7094.95,2928
BALRAMCHIN,428.05,429.7,425.8,0,427.25,2430
BAJAJHCARE,324,331.6,312.1,0,314.7,2978
BAJEL,300.3,311.5,299.55,0,309.85,1215
BAJAJHLDNG,9880,9899.95,9710,0,9789.95,495
BANARBEADS,105.1,106.5,103.64,0,104.99,2021
BALPHARMA,119.05,119.9,119.05,0,119.8,30
BANDHANBNK,206.7,206.7,203,0,204.1,37999
BAJAJHIND,40.8,41.27,40.7,0,40.92,30382
BANKBARODA,270,272.05,268.95,0,270.2,42757
BALAJITELE,71.14,71.58,70,0,70.83,687
BANSWRAS,157.5,160.15,157.5,0,158.52,132
BAJAJELEC,1101.65,1109,1086.8,0,1099.95,175
BANG,47.8,47.8,45.81,0,46.64,0
BALUFORGE,355.95,365,349.4,0,364.35,1251
BANARISUG,3135,3169.95,3135,0,3149.05,6
BANCOINDIA,683.45,687.3,675.2,0,678.6,672
BATAINDIA,1513,1516.1,1505,0,1508,1002
BANKA,118.97,118.97,118.95,0,118.97,3772
BASML,49,49,48.05,0,48.26,1225
BARBEQUE,582.5,582.5,575.65,0,576.8,380
BBL,5268.85,5344.45,5250.75,0,5343.6,159
BANKINDIA,118.9,119.28,118.55,0,119.05,24702
BDL,1694,1694,1656,0,1682.5,32848
BBTC,2074,2078.75,2036.65,0,2045.4,281
BEARDSELL,39.4,39.4,38.35,0,38.49,1
BEML,4694.8,5084,4662.8,0,5043.3,3589
BBOX,371,399,371,0,399,6662
BAYERCROP,6565.8,6570,6533.15,0,6552.55,13
BCONCEPTS,615,640,613.2,0,617.95,100
BCLIND,52.26,52.99,52.26,0,52.77,5976
BEPL,141.6,141.6,138,0,139.62,49151
BESTAGRO,668.9,668.9,656.1,0,657.55,206
BECTORFOOD,1399,1400,1379.85,0,1389.35,134
BFINVEST,677.8,685.5,672.6,0,678.65,162
BERGEPAINT,517.15,517.15,513,0,515.5,2024
BFUTILITIE,854.6,862,854.6,0,861,1034
BEDMUTHA,235.01,243.92,232.1,0,240,2
BBTCL,251.76,251.76,246,0,246.5,2
BASF,5263,5295,5225,0,5260.1,35
BEL,317.65,319.5,314.5,0,318.45,134243
BGRENERGY,44.08,44.08,44.08,0,44.08,19332
BHAGCHEM,257.08,259.27,256.99,0,257.89,336
BHARTIHEXA,1089,1094.7,1068.75,0,1083,2799
BHEL,310.7,313.4,308.3,0,313.2,59479
BIGBLOC,238.6,241.7,238.6,0,239.53,386
BIKAJI,719.2,720.85,715,0,720,761
BIL,480,480,480,0,480,0
BHARATFORG,1678,1678,1660.5,0,1669.15,3058
BINANIIND,15.61,16.23,15.61,0,16.18,50
BHARTIARTL,1422.5,1427,1416.85,0,1424.4,8058
BIOCON,361,365.35,360.1,0,364.5,10265
BHAGERIA,171.6,173.05,168.67,0,171.16,20
BIOFILCHEM,69.3,69.3,68.13,0,68.2,76
BHARATGEAR,113.55,116.45,112.99,0,115.26,3851
BIRLACORPN,1616,1618.25,1595.3,0,1600.85,398
BLBLIMITED,19.01,19.75,19.01,0,19.49,304
BHAGYANGR,121,121,118.2,0,118.95,8232
BHARATWIRE,271,271,265.7,0,266.7,0
BHARATRAS,11814.1,11814.1,11673.7,0,11690,25
BHANDA-RE1,,,,,,
BHANDARI,7.8,7.94,7.8,0,7.89,6050
BLSE,250,251.45,248,0,249.9,825
BLKASHYAP,94.61,95.5,94.32,0,94.71,8339
BLUEDART,8216.2,8219.95,8167.65,0,8186,2
BLUEJET,425.9,429.35,422.3,0,426,100
BODALCHEM,78.43,78.7,77.75,0,78.15,513
BLAL,304,316.8,301.75,0,312.75,204
BLUECHIP,4.61,4.61,4.61,0,4.61,55
BLS,370.05,373.4,369.1,0,371.9,0
BIRLACABLE,251.49,252.58,250.4,0,251.67,143
BOROLTD,389,389,383,0,383.5,2780
BLUESTARCO,1604,1667.9,1596,0,1661.9,230
BOMDYEING,214.35,215.8,212.62,0,215.38,4768
BORORENEW,514.65,522.2,513.3,0,519.35,1484
BIRLAMONEY,171.95,175.5,170,0,170.8,1333
BLISSGVS,112,114.2,112,0,112.56,10903
BOSCHLTD,35000,35379.7,34956.05,0,35305,108
BRITANNIA,5445.95,5480.9,5433.95,0,5458,282
BPCL,303,304.95,302,0,304.2,19643
BSE,2468,2468.6,2441,0,2447.9,1733
BSHSL,220.99,221.78,216.54,0,217.89,582
BPL,134.5,134.5,132.58,0,132.6,3645
BSOFT,719.9,721.95,716.5,0,717.6,2403
BTML,0,0,0,14.7,14.7,
BRIGADE,1380.1,1384.95,1362.4,0,1366.4,644
BRNL,57,57.23,55.11,0,57.23,134679
BOROSCI,206.3,214.59,204.51,0,209.86,690
BUTTERFLY,857.6,869.9,855.05,0,867.7,9
BSL,202.99,202.99,201,0,202.4,274
BURNPUR,11.72,11.78,11.7,0,11.78,82360
BROOKS,88.5,88.5,87.98,0,87.98,164
BYKE,81.99,82.33,80.12,0,82,5
CAPITALSFB,350,350,344.1,0,345.1,259
CAPLIPOINT,1430,1442.8,1422.1,0,1435.8,378
CAPTRUST,120.43,120.43,117.62,0,119.48,0
CARBORUNIV,1706,1721.9,1692.85,0,1695.85,148
CAREERP,388.2,391.95,385.1,0,390.35,0
CARERATING,1091.9,1094.75,1084.75,0,1089.35,3
CANFINHOME,890.6,895.4,887.7,0,891.95,498
CANBK,117,117.53,116.52,0,117.17,83192
CARYSIL,847.6,847.6,817.85,0,823.6,795
CASTROLIND,250,255.39,247.04,0,253.7,93241
CAPACITE,300.15,302.05,297.5,0,299.4,972
CAMPUS,298.9,299.1,296,0,297.15,1954
CDSL,2324,2329,2289,0,2306,4637
CANTABIL,255.77,258.75,254.12,0,258.6,362
CAMS,3730,3750,3726.2,0,3738.55,455
CAMLINFINE,105.25,105.38,104.85,0,105.15,611
CCL,588,590.45,585,0,586.5,84
CCHHL,30.11,30.3,27.5,0,29.02,99230
CEATLTD,2690,2712.3,2656.55,0,2700,672
CENTEXT,24.8,25.81,24.5,0,25.39,31489
CARTRADE,843,844,829.2,0,833.25,873
CENTRALBK,62.3,62.79,62.01,0,62.34,16551
CENTRUM,39.37,39.51,39.11,0,39.28,62
CALSOFT,18.24,18.24,17.25,0,17.95,36
CELLO,980,997.9,977,0,989.6,2243
CELEBRITY,19.1,19.22,18.93,0,19.15,25
CENTUM,1671.65,1688.4,1669.05,0,1675.75,10
CEREBRAINT,6.55,6.55,6.45,0,6.45,1339
BVCL,63.31,63.7,62.71,0,62.95,0
CESC,159.15,159.5,157.22,0,157.5,9967
CGPOWER,724.8,729,721.85,0,727.9,4836
CERA,9043,9200,9043,0,9100.35,14
CHAMBLFERT,519,523.2,516.9,0,522,7509
CHEMPLASTS,564.75,568.9,559.65,0,560.1,995
CHEMCON,266.8,271,266.8,0,268.7,321
CHEMBOND,643.6,648,633,0,640,0
CHOLAFIN,1425.8,1427.35,1418.15,0,1421.25,903
CHALET,852.5,858,849.2,0,851.6,55
CENTENKA,619.4,619.4,611.9,0,615.5,210
CHENNPETRO,0,0,0,0,0,1642
CHOICEIN,393.65,393.7,391,0,392.35,879
CHEVIOT,1390,1396,1386.05,0,1388.9,33
CENTURYPLY,729.95,738.95,725.2,0,738.95,291
CHOLAHLDNG,1466.6,1486.6,1453.9,0,1481,193
CGCL,213,213.75,212.29,0,213.35,376
CIGNITITEC,1389,1393.9,1380,0,1382,5231
CENTURYTEX,2343.5,2349.9,2315.1,0,2332.95,955
CHEMFAB,628.2,628.2,619.85,0,623.6,0
CIEINDIA,600.8,602.95,598.2,0,599.6,689
CINEVISTA,18.22,18.22,17.6,0,18.15,222
COFFEEDAY,55.82,56.06,55.54,0,55.75,7270
COFORGE,5934,5934,5865.05,0,5897.2,3640
COLPAL,2885,2900,2874.95,0,2891.2,205
COMPUSOFT,28.5,28.5,28.13,0,28.41,227
COMSYN,79,79.09,78.09,0,78.66,10
CONCOR,1032,1035,1027.15,0,1033.35,3200
CONCORDBIO,1715.05,1715.05,1679.1,0,1692.2,924
CLEAN,1481.95,1493,1478.1,0,1485.05,708
CONFIPET,82,82.83,82,0,82.71,4299
CLEDUCATE,82.66,84,82.52,0,83.78,0
CONSOFINVT,196,196.04,194,0,195.29,104
CMSINFO,508.5,520.9,507.25,0,517.2,1275
CONTROLPR,843,850.45,843,0,844.15,0
CIPLA,1487,1509.65,1486,0,1502,2087
COROMANDEL,1579.55,1585.95,1565.6,0,1582.9,162
COSMOFIRST,885.4,898.5,860.15,0,872,23
COCHINSHIP,2715,2875,2650,0,2844.9,87095
COALINDIA,489.5,490.45,486.9,0,488.6,14742
CORALFINAC,52.95,53.8,52.8,0,52.89,286
COUNCODOS,6.53,7,6.5,0,6.95,0
COASTCORP,242,242,238.64,0,238.67,104
CORDSCABLE,240,242.75,231.21,0,233.12,0
CRAFTSMAN,5690,5765.7,5690,0,5737.05,33
CROMPTON,408.4,415.75,407.05,0,414.15,0
CRISIL,4316.1,4325,4240,0,4256.9,136
CREATIVE,804,810,788,0,800.65,377
CINELINE,132.6,134.62,132.6,0,132.76,81
CREST,430.95,430.95,423.35,0,423.55,178
CREATIVEYE,0,0,0,6.86,6.86,
CUMMINSIND,4094,4094,4045.35,0,4076,906
CUB,170.99,172.13,169.81,0,170.91,17128
CLSEL,208.1,210.49,208.1,0,208.76,86
CSBBANK,370,373.7,369.15,0,370.5,3204
CREDITACC,1329.4,1334.85,1317,0,1319.9,1308
CTE,128.8,128.8,124.21,0,124.64,17
DABUR,604,607.95,603.8,0,605.9,2210
CYBERMEDIA,23.78,23.95,23.03,0,23.31,221
DALBHARAT,1842.95,1849.5,1833.2,0,1848.2,293
CROWN,303.75,303.75,295,0,300.5,119
CYIENT,1825,1829.2,1811.3,0,1815,634
DATAMATICS,673.7,678.95,670,0,671,1642
CYIENTDLM,777.65,780,765.75,0,768.9,0
CSLFINANCE,470.8,472.2,468.95,0,469.3,50
DANGEE,7.94,7.94,7.7,0,7.8,135
CUPID,86.89,88,85.75,0,87,1577
CYBERTECH,179.99,179.99,177.6,0,177.96,363
CUBEXTUB,0,0,0,100.01,0,
DALMIASUG,411.9,413.5,408,0,411.75,410
DAMODARIND,51.41,51.42,50.53,0,51.29,100
DATAPATTNS,3180,3199.3,3148.05,0,3176,1236
DCM,87,87,85.06,0,86.63,696
DCMFINSERV,6.55,6.55,6.13,0,6.13,907
DCMNVL,277,285.9,276.04,0,284.3,50
DCMSHRIRAM,1010,1039.9,1008.05,0,1009.05,8
DCMSRIND,217.24,218.03,214.46,0,215.04,515
DCW,55.3,56.06,55.25,0,55.98,3512
DCXINDIA,444.1,444.4,436.4,0,437.95,6636
DCAL,172.23,172.65,170.8,0,170.84,0
DBCORP,358.9,367.85,358,0,367,1891
DCBBANK,138.01,138.89,137.07,0,137.5,3319
DBSTOCKBRO,47.1,47.92,46.52,0,46.52,2050
DEEPAKNTR,2680,2710,2671.55,0,2708.65,0
DBREALTY,200.79,206.98,199.88,0,205.25,3060
DECCANCE,672.25,678.95,670,0,676.45,0
DBL,547,547,538.75,0,541.6,2175
DCI,283.97,283.97,280,0,283.97,1366
DAVANGERE,9.65,9.75,9.45,0,9.5,0
DBOL,141.7,142.54,141.5,0,141.77,1
DELTACORP,135,135.15,133.37,0,133.97,13306
DEEDEV,351,359,347,0,356.05,0
DENORA,1945,1945,1909.55,0,1930.15,770
DELHIVERY,403,403,395.55,0,398,11881
DEEPAKFERT,770,775.4,756.05,0,763,55438
DEN,54.65,55.35,54.31,0,54.9,4479
DEEPINDS,286.6,289,286.3,0,288.45,705
DELTAMAGNT,96.39,96.39,95.01,0,95.9,1
DEEPENR,169.3,170.16,166.01,0,168.69,218
DELPHIFX,0,0,0,216.49,0,
DHAMPURSUG,223.15,224.31,222.09,0,223.03,243
DEVIT,130.7,130.8,128.05,0,128.79,223
DHANUKA,1693.9,1727.4,1674.15,0,1712.55,0
DEVYANI,166.78,167.1,165.55,0,165.87,6532
DGCONTENT,37.7,39.3,37.7,0,39.05,3
DHANBANK,41.81,42.22,41.7,0,41.9,1080
DHANI,56.1,56.94,55.74,0,56.55,20125
DIAMINESQ,614.8,634.5,614.7,0,632,878
DIAMONDYD,917.8,924.95,908.15,0,912,0
DIGJAMLMTD,84,84.5,84,0,84,0
DHRUV,139,144,134.46,0,140.01,19674
DHARMAJ,307.92,309.99,306.03,0,307.65,3434
DIL,7.84,7.95,7.78,0,7.85,2616
DIVISLAB,4550,4633.15,4550,0,4611.15,233
DIGISPICE,42.3,44.29,42.23,0,42.89,5865
DHUNINV,1387.1,1392.95,1343.05,0,1358.25,0
DIACABS,0,0,0,1293.55,1293.55,
DIGIDRIVE,0,0,0,39.74,0,
DICIND,521.45,524.55,514.7,0,521.4,0
DIVGIITTS,715.5,715.5,704.85,0,707,12
DISHTV,15.65,15.73,15.51,0,15.54,58399
DLINKINDIA,541,547.8,534.95,0,541.95,2328
DOLPHIN,703,703,673.55,0,691.85,11
DOMS,2194,2270.05,2194,0,2264.2,0
DONEAR,132.1,132.5,131.6,0,131.74,256
DPABHUSHAN,1373,1374.95,1360.35,0,1365.1,111
DPSCLTD,17.56,17.75,17.37,0,17.46,5110
DIXON,12720,12720,12534.05,0,12561.8,0
DMCC,321,323.8,316.3,0,319.35,85
DLF,839.95,841.3,834.5,0,837.4,2916
DOLATALGO,134.94,134.97,132.65,0,133,1061
DNAMEDIA,5.48,5.48,5.28,0,5.34,9440
DPWIRES,461.6,464.9,460,0,461,27
DMART,4768.85,4783.55,4742.8,0,4775.2,0
DREAMFOLKS,481.25,483.75,480.05,0,480.9,718
DRREDDY,6479.35,6519.9,6461.05,0,6498.5,541
DJML,0,0,0,364.1,0,
DSSL,1267,1267,1219.8,0,1221,0
DRCSYSTEMS,28,28.5,27.64,0,27.99,1559
DREDGECORP,1380,1394,1360.35,0,1369,14122
DUCON,0,0,0,7.8,7.8,
DWARKESH,75,75.63,75,0,75.49,3474
DYNAMATECH,7220,7295.75,7220,0,7244.6,40
DVL,360.4,362.75,357.7,0,358.8,280
DTIL,212.91,214,209.81,0,210.9,0
DYCL,589.2,598.85,589.2,0,596.6,6
E2E,1630,1690,1630,0,1690,616
ECLERX,2516,2524.95,2488.55,0,2500.4,81
DOLLAR,534.5,534.5,526,0,528.95,0
EDELWEISS,65.46,65.68,65.2,0,65.35,6031
EIHOTEL,425.6,430.5,424,0,429.55,389
EICHERMOT,4700.05,4719.15,4698.6,0,4714,320
EIDPARRY,762,767.5,762,0,765.5,196
EIMCOELECO,2730,2750,2625,0,2700,10
ELECON,1365,1373.05,1350.9,0,1362.2,3339
EKC,141.9,150.79,141.51,0,148.22,10017
DYNPRO,312,326.6,311.8,0,325.25,0
EIHAHOTELS,949,956.2,942.05,0,950.4,35
EIFFL,138.1,140.39,136.24,0,137.7,10
EASEMYTRIP,42,42.13,41.75,0,41.85,15690
DODLA,1120,1124.8,1099.3,0,1108,1270
EMAMIPAP,131.82,133.7,131.82,0,133.29,511
ELECTHERM,0,0,0,754.9,754.9,
ELECTCAST,185.3,186.84,184.59,0,186,3761
ELGIRUBCO,0,0,0,82.1,0,
EMIL,228.8,229.62,227.41,0,229.5,585
ELDEHSG,1019.05,1023.4,1019,0,1019.85,0
ELGIEQUIP,734,738.45,727.15,0,729.4,140
ELIN,204.94,204.94,202.1,0,202.73,2012
EMAMIREAL,102.57,102.57,100,0,101.3,0
EMAMILTD,737.7,737.7,720.55,0,722.95,2296
EMKAY,169,171.8,169,0,171,4000
EPIGRAL,1558,1561.45,1527.1,0,1533,409
EPL,223.49,225.27,221.01,0,223.51,16810
EQUIPPP,28.48,28.48,28.32,0,28.32,203
EQUITASBNK,93.8,94.65,93.6,0,93.75,21905
ERIS,1034,1044.6,1030.05,0,1042.35,0
EROSMEDIA,19.7,20,19.66,0,19.78,0
EMMBI,115.45,117.35,114.71,0,115.42,70
ESAFSFB,53.15,54.22,52.59,0,53,0
EPACK,253.7,255.64,252.11,0,253.2,0
ENGINERSIN,270,275,267.6,0,274.3,45493
ENERGYDEV,23.16,23.59,23.11,0,23.35,215
EMUDHRA,896.95,910.2,888.2,0,891.7,685
ESSARSHPNG,54.94,55,53.41,0,54.65,0
ESTER,122.21,123.66,122.2,0,123.02,0
ETHOSLTD,2890.55,2896,2840.1,0,2863,15
EVEREADY,359.1,359.1,354.7,0,355.8,175
ENIL,255,258,252.42,0,255.3,314
ENDURANCE,2755,2800,2749.35,0,2800,17
ESABINDIA,6123,6171.9,6079.55,0,6130,5
ENTERO,1114.9,1118.4,1104.05,0,1111.15,0
ESSENTIA,0,0,0,3.89,3.89,
EMSLIMITED,658.95,669.7,658,0,666.6,1958
EXCELINDUS,1188.85,1198.2,1176.6,0,1182,35
EXPLEOSOL,1289.2,1294.7,1283.6,0,1287.1,6
EUROTEXIND,13.97,14.1,13.7,0,14.1,0
FAIRCHEMOR,1452,1489,1452,0,1476.85,152
EXCEL,0,0,0,0.7,0.7,
EXICOM,491.95,504.95,491.7,0,501.85,0
EVERESTIND,1198,1198,1182.65,0,1183.5,1
FCL,392,392,388.25,0,389.35,752
FAZE3Q,453.5,461.85,453.5,0,458.1,201
FEDFINA,126.5,126.5,124.89,0,125.53,0
ESCORTS,4104.9,4159.15,4090.05,0,4150.25,118
FDC,509.9,516.9,507.35,0,513.85,2978
FIBERWEB,43.31,45.5,43.31,0,44.15,205
FACT,1013,1027.9,1008,0,1019.95,2700
EXIDEIND,569.05,569.05,566,0,568.55,8154
FELDVR,0,0,0,0,5.87,0
EXXARO,92.45,92.82,92,0,92.22,5
FIEMIND,1342.5,1353.9,1335.05,0,1353.9,208
FEDERALBNK,180.96,181.89,179.94,0,180.36,19146
FILATFASH,7.65,7.71,7.47,0,7.53,0
FINCABLES,1649.95,1669.35,1649.85,0,1658.8,171
FEL,0.82,0.82,0.82,0,0.82,465
FINOPB,310.95,313.8,309.45,0,313.75,241
FINEORG,5360.5,5360.5,5242.9,0,5319,230
FILATEX,57.52,57.74,57,0,57.39,0
FINPIPE,325.7,329.2,325.7,0,327.75,451
FCSSOFT,4.19,4.2,4.14,0,4.16,43744
FLAIR,319.75,326,318,0,323.7,0
FORTIS,470.65,477,469.05,0,475,1196
FOSECOIND,4308,4390,4291.15,0,4311.95,0
FLUOROCHEM,3269,3270,3220,0,3233.2,166
FORCEMOT,8750.1,8792.5,8695.7,0,8700.05,327
FIVESTAR,806,813.5,802.05,0,808.45,455
FLEXITUFF,32.2,32.2,32.2,0,32.2,0
FLFL,2.94,2.95,2.8,0,2.9,200
FOCUS,147,147,145.07,0,146.2,96
FSC,3.08,3.08,2.95,0,3,200
GABRIEL,491.9,509.2,490.7,0,504.35,1204
FSL,234.1,249.09,233.11,0,240,34967
GALAXYSURF,3120,3145,3030,0,3037.9,1515
FUSION,461.95,461.95,454.65,0,456.55,100
GAEL,141.15,141.5,139.64,0,140.72,11247
GAIL,219.15,220.59,217.54,0,219.38,27397
FMNL,7.1,7.1,6.8,0,6.8,0
GANESHBE,150.35,150.59,149.96,0,150.21,155
GANESHHOUC,995.85,1002.8,987.35,0,998.05,191
GARFIBRES,3998.95,4038,3998.15,0,4033.4,16
GATECH,1.25,1.25,1.18,0,1.24,5191
GATECHDVR,3.15,3.15,2.92,0,3.13,5041
FMGOETZE,433.15,436.6,432.7,0,434.8,172
GATEWAY,105.39,106.48,105.39,0,106.02,927
GEEKAYWIRE,91.79,92,90.5,0,91.18,144
GAYAPROJ,7.66,7.66,7.66,0,7.66,0
FOODSIN,151,151.98,150.91,0,151.1,158
GANDHAR,218.97,219.41,217.55,0,218.43,0
GENSOL,1010,1025,991.8,0,1019.85,294
GANDHITUBE,822.5,834.75,820.05,0,831.95,0
GANGESSECU,179.39,184.21,179.31,0,180.51,0
GALLANTT,361.85,361.85,339.9,0,344,1138
GANECOS,1425,1438,1415.45,0,1424.05,188
GANGAFORGE,7.75,7.99,7.75,0,7.94,4339
GESHIP,1249,1270,1240.25,0,1249.3,2198
GEPIL,458.85,459.95,451.7,0,457.9,7829
GFLLIMITED,79.19,79.79,79,0,79.38,77
GHCL,567.95,570.7,564.05,0,569.4,349
GHCLTEXTIL,92,92.89,91.28,0,92.46,643
GEECEE,389.5,392,388.7,0,391.5,65
GENCON,47.05,47.05,46.5,0,46.76,0
GEOJITFSL,98.52,99.4,98,0,98.35,3331
GILLETTE,7274.95,7278,7216.25,0,7242.95,100
GILLANDERS,97.75,97.75,91.5,0,92.78,51
GENESYS,611.05,632,607.8,0,616,532
GENUSPOWER,359.75,363.15,355.8,0,358.5,6094
GENUSPAPER,21.84,21.84,21.59,0,21.72,5060
GICHSGFIN,249.8,259.8,249.8,0,259.7,668
GICRE,388.8,401.9,387.2,0,401.85,8404
GIPCL,242.4,244,242.05,0,243.01,1317
GLOBUSSPR,823,830,822.9,0,825,529
GLOSTERLTD,826,833.95,826,0,831.8,0
GLAND,1814.95,1815,1803,0,1807.2,37
GLAXO,2596,2606.95,2578.5,0,2588,141
GMBREW,898.8,899,867.05,0,875.8,1507
GLOBAL,0,0,0,200.54,0,
GINNIFILA,32.88,33.5,32.26,0,32.94,1
GKWLIMITED,3091.25,3091.25,3091.25,0,3091.25,54
GLOBE,3.72,3.72,3.65,0,3.68,24178
GNFC,730,730,716.15,0,719.05,908
GMRINFRA,96.5,97.39,96.2,0,97.3,47473
GNA,437.25,439,429.95,0,432,609
GMMPFAUDLR,1400,1408.45,1395,0,1395.05,54
GMDCLTD,398.1,401.8,396.7,0,399,2536
GODFRYPHLP,4360,4410.65,4360,0,4375,125
GOCOLORS,1045.45,1049.4,1035.45,0,1041.6,32
GOCLCORP,463,463,448.95,0,455,3504
GLS,912,918.85,907.05,0,915,255
GODIGIT,341.05,355,338.6,0,351.6,0
GODHA,1.11,1.11,1.11,0,1.11,628157
GOACARBON,815.5,821.1,815.5,0,821.1,112
GODREJAGRO,800,803.75,791.25,0,793.15,2107
GODREJCP,1367.85,1378.7,1367.3,0,1374.5,774
GOENKA,1.16,1.16,1.16,0,1.16,100
GODREJPROP,3308,3308,3248.8,0,3267.5,616
GOKEX,956.2,975.1,956.2,0,962,194
GOKULAGRO,174.65,178.6,174.65,0,177.64,595
GOLDTECH,146.1,146.99,145.35,0,146,135
GOPAL,329,330.5,326.5,0,328.1,0
GOYALALUM,9.78,9.88,9.46,0,9.77,3821
GLENMARK,1295,1339.95,1291.3,0,1331.7,1258
GLFL,9.28,9.28,8.5,0,9.25,2624
GPPL,229,229,225.3,0,227.07,0
GPIL,1117.2,1120,1108.4,0,1116.8,572
GPTHEALTH,167.19,171.4,165,0,170.26,0
GRAPHITE,578,580.95,575.5,0,577,2093
GRAVITA,1464,1464,1434.7,0,1447,0
GRASIM,2730,2734.5,2720.4,0,2732.1,520
GPTINFRA,149.7,149.7,145.65,0,147.65,1801
GRANULES,518.95,520.4,513,0,517,23147
GREENLAM,607,607,601.65,0,604.3,2
GREAVESCOT,161,162,158,0,159.3,46834
GLOBALVECT,0,0,0,214.33,214.33,
GODREJIND,887,894.5,887,0,891.15,224
GOKUL,39,39.79,38.5,0,39.67,190
GOLDENTOBC,42.9,42.9,42.9,0,42.9,0
GOODLUCK,942.55,944.9,931.6,0,936,243
GOLDIAM,179,179.85,174.31,0,176.66,19794
GREENPANEL,333.3,333.3,329.1,0,329.65,178
GSFC,244,245.45,242.48,0,245,7993
GSLSU,220,221,216.32,0,216.53,3171
GSPL,306.55,311.8,306,0,311.15,3902
GSS,93.8,93.8,93.45,0,93.49,2
GTECJAINX,82.47,84.89,79,0,84.89,73
GTL,0,0,0,14.45,14.45,
GTLINFRA,4.13,4.13,4.13,0,4.13,2993714
GTPL,177.5,178.35,175.41,0,177.04,0
GREENPOWER,21.23,21.5,21.21,0,21.33,0
GUFICBIO,368.9,370.2,363.65,0,364.45,391
GRPLTD,14300,15100,14300,0,14655,7
GRSE,2676.9,2739,2546.05,0,2705.15,57612
GRMOVER,199.99,199.99,195.92,0,196.14,4038
GRWRHITECH,2541.05,2585,2541.05,0,2570,43
GRINFRA,1806,1827.6,1790,0,1794.1,102
GROBTEA,949.35,995,945.7,0,968.25,0
GREENPLY,333.05,335.6,331,0,334.75,369
GRINDWELL,2936.9,2951.75,2905,0,2914,115
GUJALKALI,790.4,790.4,782.55,0,783,75
HAL,5535,5546.2,5482.5,0,5530.95,20205
GUJAPOLLO,253.4,253.4,248,0,248,9
GULFOILLUB,1320,1320.9,1269.1,0,1272.15,1089
GUJRAFFIA,45.4,45.4,44.08,0,44.42,4
GUJGASLTD,632.9,636.9,631.15,0,634.1,356
GULFPETRO,71.47,71.49,70.19,0,70.32,2451
HARDWYN,31.29,31.87,31.28,0,31.47,140
HAPPSTMNDS,828.6,832,827.2,0,828.9,3920
GULPOLY,210,214.8,210,0,212.65,561
HATHWAY,23,23.16,22.91,0,22.95,33609
HARRMALAYA,223.4,225.75,220.61,0,223.7,128
GVKPIL,10.97,11.07,10.95,0,11.07,23568
GVPTECH,13.85,13.97,13.7,0,13.7,150
HAVELLS,1882.35,1896.75,1874,0,1896.75,552
HAPPYFORGE,1276.6,1284,1257.15,0,1275.15,0
HARIOMPIPE,594,596.75,593.15,0,594.75,155
HATSUN,1078.9,1085.15,1074.5,0,1085,70
HDFCBANK,1685,1685,1660.1,0,1664.7,564951
HCLTECH,1523,1529.25,1513.45,0,1520.35,7955
HCC,47.75,48.42,47.55,0,48.19,61437
HARSHA,583.55,586.45,579,0,581.95,229
HBSL,119,119,116,0,117.58,2140
HBLPOWER,534.25,546,532.1,0,545.55,13359
HDFCLIFE,606.2,608.4,600.65,0,608.25,7363
HAVISHA,2.61,2.61,2.5,0,2.54,343
HCL-INSYS,16.75,16.94,16.5,0,16.85,1225
HECPROJECT,115,116,112,0,116,2
HCG,372.1,377.9,372.1,0,375.95,32
HEADSUP,11.97,11.97,11.52,0,11.85,0
HDFCAMC,4229.9,4256,4215,0,4248.7,691
HEG,2255.95,2289.75,2251.05,0,2286.85,319
HFCL,125.35,127.4,124.32,0,126.86,0
HGINFRA,1756,1768.5,1738.05,0,1743.05,633
HGS,866.4,899,863.85,0,888.05,129
HIKAL,339.5,341.65,337.25,0,341,1676
HIL,2897.05,2946.4,2897.05,0,2944.75,65
HILTON,86.3,88.25,86.02,0,88.25,17681
HIMATSEIDE,141.5,142.37,140.45,0,141.12,58
HEROMOTOCO,5558.35,5597,5535,0,5593,533
HINDALCO,694,701.55,693.5,0,695.35,14694
HERANBA,382.15,384.7,379.05,0,381.05,296
HERITGFOOD,554,556.95,549,0,551.45,3867
HESTERBIO,2513.15,2547.45,2507.55,0,2535.25,1
HEMIPROP,191,192.95,190.33,0,192.75,1450
HERCULES,582,585.8,581,0,584.1,0
HEIDELBERG,230.09,231.1,228.56,0,229.29,1817
HEXATRADEX,171.45,176,171.4,0,175.41,0
HEUBACHIND,488,488,475,0,477.75,50
HINDCOMPOS,527.45,534.55,525.8,0,533.95,115
HINDMOTORS,32.26,32.83,32.13,0,32.4,0
HINDPETRO,328.5,329.7,327.5,0,329.25,13684
HIRECT,695.25,715,695.2,0,702.9,127
HINDCOPPER,327,327.3,323.6,0,325.1,14541
HINDWAREAP,470.95,472.8,464.15,0,468.35,938
HINDZINC,688,691,680.25,0,683,3120
HINDUNILVR,2495.95,2519.9,2495.95,0,2516.15,4642
HINDCON,51.99,51.99,50.52,0,50.76,260
HINDOILEXP,208.8,209.9,206.24,0,208.45,3742
HISARMETAL,204,204,201,0,201,0
HITECH,138.25,139.5,137.5,0,138.72,5791
HMVL,104.6,104.87,101.9,0,102.37,64
HOMEFIRST,1067,1091.75,1065.05,0,1086.3,813
HITECHGEAR,1025,1038.5,1000,0,1003,8
HONASA,495.95,502.25,471.1,0,481.3,0
HONAUT,58600.1,58600.15,58153,0,58350,7
HMAAGRO,53.95,54.39,53.65,0,54.18,534
HLVLTD,24.5,24.5,24.15,0,24.42,77
HLEGLAS,499.55,499.55,490.3,0,491.35,52
HMT,67.3,68.7,65.3,0,67.4,0
HNDFDS,550,559.2,547.8,0,558.2,440
HITECHCORP,238.8,239,236.5,0,237,1
HUDCO,323.9,337,318.85,0,334.2,0
HONDAPOWER,4131.7,4245,4131.7,0,4175.05,358
HPAL,99.59,100.9,98.7,0,100.79,178
HOVS,69.9,69.9,66.55,0,68.99,209
HSCL,404.6,405.35,400.2,0,402.2,1894
HTMEDIA,28,28.1,27.95,0,28.02,501
HUBTOWN,177,177,174,0,174,897
HPL,447.9,451.2,445,0,449.45,902
HPIL,191.94,192,183.01,0,186,443
IBREALEST,149.19,152,148.6,0,151.82,26764
ICRA,5865,5885.95,5825.85,0,5863.45,4
IDBI,84.07,84.91,83.91,0,84,55905
IDEA,17.44,17.48,17.33,0,17.44,1618886
IDEAFORGE,814.7,819.8,807,0,817,7306
IDFC,120.65,122.11,120.6,0,121.5,65041
IDFCFIRSTB,81,82.07,80.61,0,81.42,246344
IEL,11.99,12.08,11.9,0,12,100
IEX,183,184.1,182.2,0,183.13,20158
IFBAGRO,605,653.7,605,0,646.3,11858
IBULHSGFIN,170,171.75,169.51,0,171.2,43967
ICICIGI,1826.95,1840.15,1826.55,0,1837,0
ICICIBANK,1225,1242.6,1220.85,0,1224.9,72737
ICEMAKE,863.55,879.95,863.55,0,868.3,155
HUHTAMAKI,397,397,384.25,0,386,2282
ICIL,414,420.25,410.55,0,416.85,4252
ICDSLTD,42.04,42.04,42,0,42,0
HYBRIDFIN,12.19,12.19,11.3,0,11.81,4414
IFBIND,1694,1725,1683.05,0,1700,105
ICICIPRULI,634,641.6,631.3,0,641.05,690
IFCI,61.24,61.81,60.8,0,61.24,87903
IKIO,301.95,306,301.95,0,303.7,253
IIFL,524.45,524.45,516.1,0,520.85,2693
IIFLSEC,208.44,209,205.5,0,207.41,1417
IGARASHI,493.4,499.85,493.4,0,496.95,7
IGL,519,522.6,515.85,0,517.2,2132
IFGLEXPOR,650.8,654,645,0,648.25,52
IGPL,633,640.9,631.85,0,635.95,36
IMAGICAA,76.65,77.65,75.81,0,76.18,1740
IITL,199.74,201.91,199,0,201.91,0
IMFA,744,744,736.45,0,740,121
INDHOTEL,615.8,621,613,0,620.8,4507
INDIAGLYCO,920,920,911.15,0,914.9,475
INDIANCARD,274.4,274.65,267.35,0,271,0
IMPEXFERRO,3.65,3.76,3.65,0,3.7,101
INDIANHUME,421.9,423,415.8,0,418.4,186
INDIASHLTR,740.8,740.8,725,0,729.85,0
INDIAMART,2699.15,2726,2690,0,2718.6,117
INDBANK,50,50.26,49.6,0,49.98,414
INDIACEM,286,287.25,283.5,0,285.45,10664
INCREDIBLE,44.58,44.58,44.01,0,44.01,0
INDIANB,542,543.9,535.7,0,537.25,537
IMPAL,1139.7,1140,1130.4,0,1130.4,0
INDGN,544,556.15,540.85,0,551.75,0
INDIGO,4300,4324.4,4288.75,0,4320.9,3253
INDNIPPON,812.8,818.45,810.05,0,813.45,1
INDIGOPNTS,1380.7,1395.25,1372.65,0,1381.25,78
INDOAMIN,137.5,138.76,136,0,138.43,485
INDORAMA,47.11,47.78,47.11,0,47.25,78
INDTERRAIN,76.1,76.6,75.43,0,75.5,0
INDUSINDBK,1437,1449.7,1431.15,0,1432.8,7145
INDUSTOWER,401,403.45,397.05,0,398.95,34073
INFIBEAM,29.9,30.11,29.72,0,29.82,48042
INFOBEAN,470,473.8,467.65,0,470.15,110
INFY,1651.45,1663,1649,0,1649.25,17341
INGERRAND,4598,4620,4558.8,0,4580.9,142
INDRAMEDCO,237.1,259.8,236.1,0,251.06,383
INNOVACAP,508.35,508.35,505,0,505.85,0
INDOBORAX,202.6,202.95,196.56,0,199.34,226
INOXGREEN,176,177,172.08,0,175.94,14405
INDOTHAI,276.55,276.55,272.6,0,272.6,0
INDSWFTLTD,20.6,21.39,20.6,0,21.33,102
INDSWFTLAB,127.5,130.9,127.37,0,129.98,1926
INDOTECH,1771.8,1809.9,1720,0,1760.55,112
INDOSTAR,252.7,253.68,251,0,252.03,50
INDOCO,349.85,349.85,345.85,0,346.95,259
INTLCONV,82.98,83.8,82.49,0,82.9,767
INOXWIND,160.65,164,158.35,0,160.91,195079
INSECTICID,704,710.7,700.55,0,702.95,24
INDOWIND,31.07,31.95,30.1,0,30.52,8418
INVENTURE,2.82,2.84,2.76,0,2.83,0
INTENTECH,158.4,160.5,156,0,156.06,0
IOB,62.21,63.54,62.21,0,62.68,187734
INTELLECT,1097.4,1103.3,1085.95,0,1090.05,293
INOXINDIA,1398,1407.95,1390.05,0,1402.45,0
IRB,67.94,68.48,67.53,0,68.03,424419
INSPIRISYS,121.95,121.95,115.15,0,115.15,6
IOLCP,424,426.5,421.85,0,424.75,0
IPCALAB,1175.05,1197.95,1174.5,0,1197.6,918
IRCON,288,292,286.5,0,291.35,557580
IPL,227.89,227.89,222.81,0,225.24,130
IRISDOREME,67.26,67.95,66.93,0,67.27,303
IOC,170.9,170.95,169.71,0,170.93,105578
IRFC,178.56,183.8,178.1,0,183.7,167204
IRMENERGY,474,474,467,0,469,0
IREDA,220.83,226.37,219.26,0,224.79,0
IRCTC,1005,1014,1003.05,0,1012.9,3123
IRIS,0,0,0,237.4,0,
ISGEC,1329.3,1338.05,1311.65,0,1317.7,245
ISMTLTD,137.47,140.39,137.08,0,139.51,2978
ITDCEM,492.5,505,478,0,489.45,28358
ITC,429,429.65,427.6,0,428.65,28119
ITDC,874.5,882.4,869.6,0,872,0
ISFT,130.5,133.93,129.01,0,133.15,746
ISEC,781,786,776.15,0,778.05,393
IVC,12.55,12.64,12.41,0,12.48,2303
IONEXCHANG,661.9,665,655.95,0,658.25,1219
ITI,310.05,311.3,308.15,0,309.05,2117
IVP,191.59,191.68,190.4,0,190.5,0
JAMNAAUTO,127.95,127.99,126.5,0,127.47,4593
JASH,2091.85,2124.9,2089.1,0,2124.9,0
JAYAGROGN,317,320.95,317,0,319.65,102
JAYBARMARU,109.45,109.6,108.34,0,108.86,340
JAYNECOIND,47.7,47.75,47.31,0,47.47,68
JAYSREETEA,117.6,119.03,117.31,0,117.85,1742
JBCHEPHARM,1792.9,1799.4,1765,0,1766.1,158
IXIGO,169,169.8,166.56,0,166.8,0
JAGSNPHARM,336.95,338.35,333.05,0,336.8,50
JCHAC,2005,2053.95,2004.05,0,2040.6,4
JAIPURKURT,48.57,49.98,48,0,49.7,450
IZMO,393.05,394.9,387.7,0,391.8,137
JAIBALAJI,926.55,926.55,907,0,919,71
JAGRAN,93.1,93.15,92.3,0,92.74,191
JETAIRWAYS,41.67,42.2,41.67,0,42.19,500
IWEL,7688,7930,7650,0,7779.95,700
JAICORPLTD,396.85,402,395.7,0,400.45,5327
JINDALSTEL,1050.05,1063.3,1050.05,0,1057.95,2566
JGCHEM,256.5,265,254.15,0,263.54,881
JINDALPHOT,882.95,890,871,0,884.2,9
JETFREIGHT,14.35,14.39,14.19,0,14.22,700
JHS,0,0,0,20.7,0,
JIOFIN,350.85,352.8,349.65,0,351.35,74761
JBMA,2166.9,2198,2152,0,2165,2108
JINDALPOLY,829.05,831.8,811,0,814.35,442
JINDWORLD,347.05,350.8,345.05,0,346.35,118
JISLJALEQS,73.18,73.35,71.58,0,72.36,6729
JINDALSAW,555,555.45,548.4,0,551,1265
JKPAPER,593.35,597.3,590.55,0,592.45,4443
JITFINFRA,827.4,833.45,820.1,0,821.5,0
JINDRILL,638.8,638.8,630.55,0,632.05,0
JLHL,1278.65,1278.65,1264.05,0,1272.35,2
JKCEMENT,4266,4280,4246.3,0,4263.35,134
JOCIL,205.85,205.85,203.05,0,204.01,548
JNKINDIA,862.9,877.55,852,0,862.9,822
JISLDVREQS,41.31,42.8,41.24,0,41.77,388
JPASSOCIAT,8.14,8.14,8.14,0,8.14,384297
JPPOWER,18.99,19.23,18.8,0,18.87,153529
JKLAKSHMI,877,880,872.5,0,872.75,344
JKIL,900.45,906,890,0,898.4,880
JSWENERGY,726.95,726.95,717.1,0,723.05,4179
JPOLYINVST,894.35,901.95,888,0,893.9,13
JKTYRE,460.4,464.25,458,0,461.5,4824
JMFINANCIL,91.76,92.47,91.49,0,92.12,0
JSWHL,7310.9,7381.55,7249.55,0,7259.8,3
JSFB,703.1,705,690.85,0,696.65,631
JSL,833.65,845.8,830.4,0,833.3,1602
JMA,106.3,109.89,106.3,0,109,352
JSWINFRA,353.7,354.9,350.1,0,352.65,16661
JWL,725,728.5,716,0,727.4,16875
JYOTHYLAB,471.9,473.1,466.4,0,468.05,2487
JYOTICNC,1345,1351.95,1312,0,1327.95,591
JYOTISTRUC,27.94,27.95,27.1,0,27.5,11601
KABRAEXTRU,411,412.35,406.4,0,408.45,53
KAJARIACER,1510,1514,1492.45,0,1492.5,141
JTLIND,216,221.8,215.55,0,220.1,4608
JUBLINGREA,545,545,535.5,0,537.35,2099
JTEKTINDIA,217.4,217.6,215,0,216.63,1403
JSWSTEEL,948,953.55,945.2,0,951,1354
JUBLFOOD,565,567.1,561.75,0,563.95,826
KAKATCEM,235.25,238.45,232,0,236.93,301
KALYANKJIL,496.55,505,496.1,0,498.65,21654
JUSTDIAL,1032.15,1034,1024,0,1026.55,120
KALYANIFRG,615.95,615.95,615.95,0,615.95,966
JUBLPHARMA,747.95,762.9,746.5,0,759.9,74
KALAMANDIR,188.79,189.5,185.25,0,185.92,581
JUNIPER,437,440,434.85,0,439.3,112
JUBLINDS,1600,1612.35,1590.05,0,1604.9,1
KANANIIND,3.15,3.15,3.08,0,3.13,33878
KALYANI,0,0,0,0,0,0
KANORICHEM,125.5,128.31,125.5,0,127.98,0
KAMOPAINTS,40.25,40.45,39.66,0,39.67,0
KAMDHENU,564.5,569.95,560.05,0,567,286
KANPRPLA,106.99,107.14,106.2,0,107.02,0
KARURVYSYA,205,205.7,203.07,0,203.7,1935
KAMATHOTEL,224.9,226.59,221.2,0,226.27,10
KANSAINER,270.8,271.9,270.05,0,271.85,1114
KAYA,549.35,549.35,537.4,0,549.35,2520
KAPSTON,381.35,381.35,374,0,381,0
KAUSHALYA,899.95,899.95,870.05,0,871.1,5
KARMAENG,68.9,70.8,68,0,70.8,4773
KCPSUGIND,44.33,45.28,44.26,0,45.05,1363
KAYNES,4006,4105.95,4001,0,4091.85,269
KCP,255.6,256.58,252.3,0,253.5,1855
KAVVERITEL,0,0,0,23.31,23.31,
KDDL,3269.85,3399,3269.85,0,3327.7,1899
KBCGLOBAL,2,2.03,1.98,0,2.02,262564
KEC,923.5,927.4,905.05,0,911.85,864
KEYFINSERV,198,198,191,0,194.45,5
KELLTONTEC,111.18,111.9,110.69,0,111.03,4053
KERNEX,423.6,433.05,412.35,0,418.95,211
KHAICHEM,76.3,76.74,75.41,0,76.34,968
KHADIM,361.15,370,359.55,0,364,20
KECL,205.98,205.98,201.7,0,202.87,2526
KEI,4680.55,4693,4590.65,0,4620.45,258
KFINTECH,750,766.75,750,0,756.1,581
KESORAMIND,212,212.95,211.1,0,211.95,263
KEEPLEARN,0,0,0,2.93,2.93,
KHAITANLTD,80.05,80.05,78.01,0,78.94,100
KIRLOSIND,6089.05,6089.05,6031.85,0,6071.9,6
KIRLPNU,1321,1327.75,1303.2,0,1325.5,63
KITEX,213.25,214.8,212.46,0,214.8,343
KKCL,730,730.4,723.6,0,724.1,22
KMSUGAR,42.8,43.2,42.5,0,43.15,374
KNRCON,357,362.7,355,0,362.35,3740
KOHINOOR,42.74,43.14,42.61,0,43,89
KIRLOSENG,1389,1402.55,1382.95,0,1393.55,321
KIMS,2130,2149.45,2125.25,0,2145,63
KICL,6504.95,6576,6434.15,0,6474.85,7
KOKUYOCMLN,155.55,156.85,154.29,0,154.36,163
KILITCH,352.75,354.95,342.05,0,352.95,0
KOPRAN,252.45,254.95,251.05,0,253.35,332
KOLTEPATIL,429,430.15,424.25,0,426.95,157
KOTAKBANK,1820,1843,1818.45,0,1826.95,9563
KOTHARIPRO,190.05,194.9,183,0,193.4,42428
KIRIINDUS,330.1,337,330,0,334.8,51
KHANDSE,29.48,31,28.91,0,29.81,1
KINGFA,2586.35,2625,2536.75,0,2563.15,99
KOTARISUG,58.8,59.65,58.8,0,59.39,243
KIRLOSBROS,2388.45,2450,2355,0,2447.35,611
KIOCL,478,478,469,0,472.55,3492
KPIGREEN,1799.85,1810,1787.4,0,1793.1,1207
KPITTECH,1746.9,1746.9,1706,0,1712.25,3406
KPIL,1224.9,1226.85,1213.5,0,1220.45,511
KOTHARIPET,156.95,161.9,156.14,0,158.32,3705
KRITI,193.42,195,190.5,0,190.5,0
KREBSBIO,72.91,73.8,71.71,0,72.95,0
KPRMILL,909,909,897,0,898.6,613
KRBL,316.5,318.75,313.7,0,317.05,2080
KRIDHANINF,4.35,4.35,4.06,0,4.25,10
KRONOX,153.95,167,153.95,0,164.3,3201
KRISHANA,291,292.8,281.35,0,287.15,69
KRITIKA,21.9,21.9,21.28,0,21.45,10136
KRITINUT,110,110,108.8,0,109.44,39
KTKBANK,222.55,224.5,222.55,0,223.18,4949
KSCL,962,971,960.2,0,965.55,23
KSL,985.9,988.25,974,0,982.4,144
KSB,5076.25,5088,4985.05,0,4997.5,145
LAGNAM,150,150.7,150,0,150,824
KRYSTAL,830.05,839.25,828,0,829.7,270
KUANTUM,175.5,176,172.81,0,173.3,0
LALPATHLAB,2926.85,2934,2883.65,0,2919.8,905
KSHITIJPOL,7.92,8.1,7.9,0,8.05,15841
KRSNAA,700,705.95,690.45,0,692.25,2590
LANCORHOL,47.9,47.9,45.2,0,45.78,5
LAMBODHARA,155.88,157.17,155.21,0,156.2,20
KSOLVES,1137.4,1137.4,1128.7,0,1131.8,7
LAL,22,22,21.59,0,21.65,262
LANDMARK,707.95,707.95,697.05,0,701,125
LEXUS,44.49,44.79,42,0,43.73,420
LFIC,215.41,216.98,213.97,0,214.78,0
LGBBROSLTD,1468.35,1468.85,1458,0,1463.35,11
LGBFORGE,12.7,13,11.91,0,12.5,711
LGHL,335,337.05,335,0,337,1
LIBAS,18,18,17.91,0,17.93,455
LAURUSLABS,456.8,459.45,454.45,0,458.7,9663
LASA,24.2,24.2,23.56,0,23.9,217
LIBERTSHOE,414.95,428,414.95,0,425.95,648
LAOPALA,344,344,338.55,0,338.55,1115
LICHSGFIN,794.25,795.25,783.5,0,789.6,1333
LAXMIMACH,16655,16655,16530,0,16575.25,5
LEMONTREE,146.63,150.25,145.71,0,148.13,8575
LATTEYS,17.28,17.28,16.6,0,16.6,2626
LATENTVIEW,506,508.95,500,0,504.5,378
LINC,598.05,617,595.9,0,615.9,200
LIKHITHA,453.3,459.45,450.2,0,454.1,260
LCCINFOTEC,0,0,0,2.4,0,
LAXMICOT,31.38,32.48,31.38,0,31.61,500
LINDEINDIA,9150.1,9268.2,9006.05,0,9200,914
LICI,1010.2,1024.2,1006.5,0,1019.65,9592
LOKESHMACH,434,434,424,0,424,0
LOYALTEX,605.4,605.4,595.85,0,597.15,0
LPDC,13.15,13.86,12.15,0,13.74,170482
LODHA,1519.95,1519.95,1507,0,1508.55,1368
LOTUSEYE,59,59,58.61,0,58.77,2
LINCOLN,672.45,673.55,653.55,0,661.65,157
LT,3573.3,3618.2,3568,0,3618,4918
LLOYDSENGG,74,75.24,73.55,0,74.55,45154
LLOYDSME,779,779.2,757,0,765.1,6719
LTF,188,188.18,186,0,186.63,14623
LOVABLE,137,138.36,136.9,0,137.94,1
LTIM,5459,5493.2,5452.55,0,5476.5,265
LORDSCHLO,0,0,0,129.5,129.5,
LUMAXIND,2920.6,2920.6,2892.8,0,2899.25,2
LTTS,5059.9,5080,4952.2,0,5070.2,231
LUXIND,1505.85,1525,1505.85,0,1512.9,346
LXCHEM,265,272.85,264.95,0,271.6,8455
MAANALU,140,141.03,138.93,0,139.47,330
LYPSAGEMS,6.32,6.32,6,0,6.15,10
LUMAXTECH,578.7,598.5,578.7,0,593.55,0
LTFOODS,252,253.3,249.4,0,249.95,1086
MADHAV,48.2,48.4,48.2,0,48.4,0
LUPIN,1764.05,1785,1755.9,0,1766.55,7809
MADHUCON,14.95,14.95,14.95,0,14.95,0
LYKALABS,108.3,108.5,107.81,0,108.3,48
MACPOWER,1389.8,1390,1360,0,1362.15,12
MADRASFERT,109.2,111.12,108.8,0,110.26,917
MAHSCOOTER,9337.8,9344.4,9269.95,0,9297.85,104
MAHSEAMLES,647,661,647,0,658.85,5360
MAITHANALL,1258,1265,1247.45,0,1260.95,111
MAHLOG,520,529,519.95,0,522,690
MAHAPEXLTD,177.7,177.7,172.83,0,174.34,2
MAHLIFE,630,647,627.35,0,634.05,37322
MAGADSUGAR,766.7,768.85,750.05,0,766.05,6
MAHASTEEL,104.06,105.89,102.76,0,104.59,0
MALLCOM,1365,1365,1342,0,1355.55,50
MAHABANK,63.57,64.08,63.4,0,63.69,37521
MALUPAPER,39.95,39.95,39.89,0,39.89,0
MAHEPC,161.94,161.94,158.01,0,159.4,250
MAHESHWARI,65.85,66.14,65,0,65,13
MAGNUM,51.2,52.22,51.2,0,51.99,250
MANAKALUCO,28.4,28.45,27.78,0,28.25,80
MANAKSIA,98.8,98.8,97.91,0,98.24,51
MANAKCOAT,0,0,0,72.86,0,
MANALIPETC,93.84,93.97,92.85,0,92.98,0
MANINFRA,199.9,199.9,195.54,0,196.91,20469
MANGALAM,109,110.01,106.71,0,108.75,23
MANORAMA,660,680,645,0,669,46
MANKIND,2169.7,2172.15,2155,0,2157.2,608
MANOMAY,185.86,188.32,185.86,0,186.07,0
MANYAVAR,1117,1125.25,1101.05,0,1104.55,331
MANAKSTEEL,58.9,58.9,56.5,0,56.65,101
MAPMYINDIA,2446.15,2498.8,2434,0,2477.55,911
MANUGRAPH,23.58,23.58,22.93,0,23.19,0
MARALOVER,74.13,74.13,73.81,0,73.94,25
MANGCHEFER,127.31,128.93,127.15,0,128.16,1015
MANAPPURAM,208.41,210.27,205.25,0,209.64,4779
MARICO,609,611.6,608.05,0,609.7,1914
MANINDS,454,475,448,0,468.45,362
MANGLMCEM,927,948,909,0,912.9,1302
MASKINVEST,105,105,101.3,0,105,0
MASFIN,292,294.45,290.1,0,292.2,716
MARINE,183,187.82,181.05,0,187.82,37765
MANORG,399,411.4,395,0,411.4,275
MAXESTATES,499,499,481.5,0,481.85,306
MATRIMONY,636.35,638.95,633.6,0,634.15,5
MAWANASUG,124,124.31,122,0,122.44,263
MARATHON,607.95,607.95,602,0,602.75,67
MAZDA,1432.1,1432.1,1392.05,0,1427.1,31
MARUTI,12069.15,12089.55,12021.9,0,12065.45,968
MARSHALL,0,0,0,33.29,33.29,
MARKSANS,164,172.89,164,0,170.81,5214
MASTEK,2880,2880,2835.05,0,2843.8,392
MAXHEALTH,913,925,911.7,0,921,562
MAXIND,321,326.9,321,0,323.7,420
MAYURUNIQ,650.35,656.9,648.5,0,649.35,28
MAZDOCK,5629.6,5754.9,5300.05,0,5655.85,76642
MEDICO,40.85,40.9,39.25,0,39.5,902
MEDPLUS,691,691,667.2,0,668.5,4
MEGASOFT,71,71.94,70.94,0,71.48,0
MEGASTAR,260.8,263,259.75,0,260.95,29
MENONBE,134.2,139.99,134.2,0,137.25,164
MBLINFRA,79.65,83.49,76.12,0,78.99,18455
MCLEODRUSS,26.79,28.15,26.64,0,26.88,3
MCL,36.89,36.89,36.59,0,36.77,347
MBAPL,232.2,233.39,230,0,231.4,40
MBECL,4.73,4.81,4.59,0,4.75,0
MCX,3936.7,3949.6,3903.35,0,3916.9,340
MEDIASSIST,540.1,551.3,540.1,0,548.9,424
MEP,0,0,0,9.54,0,
METROPOLIS,2100,2109.2,2034.05,0,2039.95,1342
MFSL,1007,1007,992.5,0,1001,164
MEDICAMEQ,510,510.25,498.05,0,505.95,214
MGEL,28.3,29.3,27.28,0,28.25,226856
MHLXMIRU,202.06,208,202.06,0,205.61,10
MEDANTA,1273,1287.95,1270.9,0,1273.1,292
MICEL,85.9,87,85.9,0,85.9,98203
MINDACORP,497,497.4,494.25,0,496.05,584
METROBRAND,1246.4,1252.95,1237,0,1239,234
MIRCELECTR,20.05,20.44,20.05,0,20.41,2131
MGL,1667.55,1683.3,1650,0,1669.9,641
MITCON,129.65,131.89,127.31,0,127.99,75
MITTAL,2.14,2.17,2.14,0,2.16,30364
MKPL,12.2,12.23,11.64,0,12.14,10625
MHRIL,455,456.3,454.05,0,454.05,176
MIDHANI,473,484.4,469.1,0,480.45,7116
MMP,284,284,277.3,0,279.85,350
MMTC,86,87.57,85.55,0,85.9,40067
MODISONLTD,132,135.9,132,0,133,750
MIRZAINT,45.78,46.9,45.66,0,46.14,3265
MOHITIND,30.5,30.5,29.4,0,30.45,1450
MODTHREAD,70.96,70.96,70,0,70,230
MINDTECK,338.9,348,335,0,341.4,1795
MMFL,1290.4,1293.65,1271.85,0,1285.8,0
MODIRUBBER,97.8,97.94,97.1,0,97.94,0
MOL,81.6,81.64,80.3,0,80.71,6798
MOKSH,15.27,15.27,15,0,15.05,931
MONARCH,527.4,528,513.9,0,517.95,4
MONTECARLO,697,721.2,690.35,0,713,2461
MOTHERSON,207.45,207.6,205.86,0,205.92,62128
MOIL,539.4,544,533.75,0,538.2,7204
MOLDTECH,261.8,261.8,258.1,0,260.55,154
MOREPENLAB,55.82,56.82,55.75,0,56.33,13828
MITCON-RE,47.8,48.25,47.01,0,48,0
MOTILALOFS,564.95,568.45,558.05,0,559.75,1381
MOLDTKPAC,809.5,810.15,802,0,804.95,121
MOTISONS,155.9,157.99,155.55,0,157.59,383
MTARTECH,1925.65,1930.95,1907,0,1913.05,434
MTEDUCARE,3.3,3.3,3.12,0,3.15,827
MTNL,40.64,40.89,40.38,0,40.65,17573
MPHASIS,2596.95,2609.95,2589.05,0,2595.85,723
MRPL,217.29,218.62,216,0,217.84,4313
MSPL,28,28.12,27.49,0,27.63,6900
MUFIN,120.97,121.85,119.5,0,121.19,300
MRF,128500,130360.55,128200,0,130247.05,19
MSUMI,73.75,73.9,73.41,0,73.68,74755
MUKANDLTD,167,167,165.45,0,166.54,249
MSTCLTD,872.95,877.95,868.25,0,876.55,248
MOTOGENFIN,43.65,43.65,42.36,0,42.36,10783
MRO-TEK,80.11,83.4,80.11,0,83,200
MURUDCERA,49.95,50.7,49.95,0,50.59,566
MUNJALSHOW,159.7,160.31,159.03,0,159.75,121
MUFTI,172,172.4,170.53,0,171.87,2033
MUTHOOTFIN,1808.8,1808.85,1794.95,0,1803.3,92
MUTHOOTMF,241.15,242.9,240.1,0,241.28,100
MUNJALAU,90.16,91.25,90.16,0,90.61,0
NAGAFERT,12.35,12.47,12.32,0,12.4,6319
MUKTAARTS,68.03,69.41,68.03,0,69.41,0
NAGREEKCAP,27.79,27.79,26.71,0,26.71,250
MPSLTD,2106.8,2113.45,2098,0,2100,12
NAHARCAP,317,321.7,316,0,320.8,500
NAHARPOLY,299,305,293.6,0,294.98,225
NAHARINDUS,136.55,137.92,136.11,0,136.41,365
NAGREEKEXP,37.82,37.82,37.2,0,37.32,2318
MUTHOOTCAP,314.8,317.9,311.55,0,314.55,85
NAHARSPING,311.6,316.95,308.4,0,309,5
MVGJL,227.84,229.72,226.44,0,227.19,0
NACLIND,69.5,69.84,69.37,0,69.68,196
NARMADA,23.99,24.48,23,0,24.2,3995
NAUKRI,6770.05,6775,6721.45,0,6744.15,0
NAVINFLUOR,3659.15,3659.2,3631.45,0,3643.75,261
NAM-INDIA,648.05,654.45,645.05,0,646,618
NATCOPHARM,1219.5,1240,1211.1,0,1228,3020
NAZARA,914,925.6,911.9,0,914.5,471
NAVNETEDUL,156.65,159,156.65,0,157.75,3789
NATHBIOGEN,258.95,258.95,255,0,255.15,1201
NATIONALUM,195,196.34,193.69,0,194.51,21837
NAVA,729.9,731,708,0,710,621
NBIFIN,2579.85,2579.85,2450,0,2480.3,62
NCC,339.8,340.9,336.1,0,336.4,15980
NCLIND,256.4,256.95,251.2,0,253.2,3140
NDGL,3390.4,3391,3300.5,0,3378,0
MUKKA,34.97,35.39,34.82,0,35.17,1230
NBCC,187.58,193.99,183.91,0,191.88,785315
NAVKARCORP,113.3,113.3,112.01,0,112.79,2098
NDL,46.66,47,46.07,0,46.1,4797
NDLVENTURE,98.65,98.65,97.37,0,98,30
NETWEB,2679.95,2679.95,2612.5,0,2614.25,2818
NETWORK18,87,87.5,86.3,0,86.64,6767
NDRAUTO,918.7,918.7,897.15,0,902.05,42
NELCAST,151.85,152.39,150,0,151.06,1051
NEWGEN,976.1,990.9,975.65,0,978.45,240
NESTLEIND,2550.6,2555.95,2535.25,0,2551.85,522
NDTV,222.17,223.3,221.89,0,223.3,764
NESCO,939.35,942,932,0,936,114
NELCO,878,889.7,870,0,884.7,4582
NEOGEN,1627.2,1643,1627.1,0,1636.5,29
NECCLTD,29.42,30.17,29.12,0,30.17,0
NECLIFE,31.01,31.87,31.01,0,31.7,323
NFL,135.5,137.13,134.66,0,136.55,0
NIACL,261,274.72,256.13,0,272.44,28798
NEXTMEDIA,6.99,6.99,6.6,0,6.67,0
NHPC,103.4,104.7,102.94,0,104.22,289920
NGIL,43.06,43.58,42.56,0,43.16,0
NGLFINE,2401,2474,2400.65,0,2429.75,3
NH,1244.9,1245.65,1233.4,0,1238.45,319
NIBL,38.17,38.2,36.62,0,37.13,100
NIITLTD,117.9,117.9,116.05,0,116.82,5876
NILASPACES,0,0,0,9.28,9.28,
NILAINFRA,12.75,13.1,12.66,0,12.88,8019
NIITMTS,479.9,481.35,472.1,0,475.1,278
NIRAJISPAT,0,0,0,0,0,0
NILKAMAL,1969,1973.6,1956.05,0,1969.25,26
NIRAJ,53,53.49,52.74,0,52.95,90
NEULANDLAB,7650,7790,7590.8,0,7742.5,18
NINSYS,485,485,475.25,0,484.7,106
NMDC,250,251.84,249.28,0,249.78,40250
NITIRAJ,0,0,0,273.15,273.15,
NITINSPIN,366.25,368.4,361.8,0,364.7,130
NLCINDIA,264.7,268.3,262.78,0,264.76,52864
NKIND,61.9,61.9,59,0,60.12,20
NORBTEAEXP,13.1,13.1,12.71,0,12.75,15
NRAIL,484.05,505,484.05,0,501.05,74
NRBBEARING,351.45,356.7,350.5,0,350.6,1341
NSIL,4550,4577.25,4525.05,0,4558.2,25
NIPPOBATRY,588.1,590.8,583.5,0,584.15,6
NOVAAGRI,63.9,64.38,63.4,0,63.97,1761
NITCO,77,78,76.05,0,76.45,10
NOCIL,303.7,308.8,301.5,0,308.5,4397
NRL,87.05,90.25,87.05,0,89.67,0
NUCLEUS,1438.8,1438.8,1412.1,0,1415,143
NSLNISP,57.9,57.9,57.17,0,57.49,14129
NUVAMA,4830,4859.7,4820.4,0,4839.85,179
NURECA,279,290,277.65,0,286.15,25
NOIDATOLL,14.02,14.02,13.05,0,14.02,25108
NTPC,374.35,376,371,0,375.4,31952
NYKAA,171.9,172.9,170.9,0,172.21,9834
OMAXAUTO,0,0,0,160.23,0,
OMAXE,125,128.22,122.51,0,126.46,510
OMINFRAL,172.02,174.35,168.2,0,172.05,125
OMKARCHEM,7.37,7.37,7.2,0,7.25,0
ONELIFECAP,0,0,0,17.35,17.35,
OAL,443.5,448.85,441,0,441.3,225
ONGC,277.25,282.65,276.5,0,282.2,29812
OBEROIRLTY,1796.6,1810,1785.95,0,1788.75,36
ONEPOINT,70.6,71.9,70.1,0,71.17,37243
OLECTRA,1802.7,1817,1791.8,0,1800,1201
NUVOCO,358,358,353.95,0,355.2,420
OFSS,10488,10488,10410,0,10410,452
OBCL,58.71,59.71,58.24,0,58.48,0
OIL,494.9,495,488.2,0,490.75,5862
OCCL,218,222,215,0,215.6,300
OILCOUNTUB,39.75,39.75,38.87,0,39,0
ONMOBILE,73.4,73.8,73.01,0,73.23,843
OPTIEMUS,378,379.9,363.55,0,372.3,41815
ORBTEXP,180.28,180.55,179.84,0,180.38,0
ORCHPHARMA,1144,1144,1127.4,0,1131.85,300
ONWARDTEC,425.15,425.15,418,0,419.7,361
ORICONENT,38.24,38.63,38.21,0,38.44,1632
ORIENTALTL,11.61,12.25,11.61,0,12.14,5116
ORIENTCER,56.5,57.4,55.8,0,57.35,8463
ORIENTCEM,306.85,308.2,295,0,295.6,8999
ORIENTBELL,428.85,436.65,426.95,0,427,130
ORIENTHOT,137.24,137.85,136.45,0,136.65,280
ORIENTELEC,275.45,277.9,274.15,0,274.55,1377
ORIENTLTD,102.74,103.79,102.01,0,102.01,0
OSWALGREEN,36.95,37.01,36.3,0,36.59,271
ORIENTPPR,59.05,59.69,58.25,0,58.38,43945
ORTINLAB,20.18,20.48,20.18,0,20.48,0
ORISSAMINE,7460,7519.1,7365.1,0,7501,214
OSIAHYPER,23.46,23.6,22.91,0,22.96,1723
OSWALAGRO,46.5,46.51,45.36,0,45.8,129
PAGEIND,38708.2,38948,38697.75,0,38877.9,8
PAKKA,255.7,256.95,252.8,0,255.45,326
PAISALO,74,75.7,73.71,0,74.96,2328
PANACHE,125.75,130.6,120,0,130.6,48
PALREDTEC,0,0,0,105.32,105.32,
OSWALSEEDS,27.09,27.7,26.35,0,27.4,10
PAR,243.81,244.91,241.63,0,242.86,20
PALASHSECU,139.94,140.37,138.02,0,140.37,0
PANACEABIO,142.79,144.8,142,0,143.7,3047
PARADEEP,84.9,85.49,84.29,0,85.03,6051
PARACABLES,81,82.6,80.05,0,82.35,0
PANSARI,102.99,104,101.02,0,104,0
PANAMAPET,408,408.5,398.9,0,404.95,105
PARAGMILK,182,183,181.61,0,182,3191
PARASPETRO,0,0,0,4.49,0,
PCBL,259.9,267.9,259.3,0,262.45,2824
PCJEWELLER,51.35,51.74,51.16,0,51.27,860
PDMJEPAPER,128.95,128.95,127.28,0,127.6,1350
PDSL,552.6,552.75,544.95,0,546.3,5
PEARLPOLY,31.99,32.55,31.26,0,31.26,1000
PATANJALI,1631,1639.95,1626,0,1633,2268
PEL,936.9,945.8,935,0,943.8,4697
PAYTM,416.55,417.55,413.6,0,416.05,11886
PAVNAIND,499.75,499.85,496.9,0,497.1,1069
PERSISTENT,4769.85,4845.7,4751.25,0,4808.7,2073
PATELENG,69.15,69.35,68.5,0,68.82,31759
PENIND,170.2,172.44,169.38,0,171.42,3172
PARAS,1559,1572.9,1524.45,0,1544.15,12913
PETRONET,332.1,336.75,332.1,0,336.15,5390
PATINTLOG,22.79,22.97,22.59,0,22.68,21382
PASUPTAC,40.12,40.73,39.76,0,39.91,588
PARSVNATH,12.67,13.5,12.59,0,13.19,0
PENINLAND,71.8,72.78,71.26,0,72.54,5408
PFIZER,4625,4641.35,4601.25,0,4620.3,4
PFOCUS,144.6,148.9,143.99,0,145.67,0
PARKHOTELS,191,197.85,189,0,196.71,1395
PFC,534,536.8,529.35,0,531.9,41827
PFS,49.3,49.3,48.01,0,48.48,30534
PGEL,3699.05,3709,3655,0,3655.3,206
PGHL,5169.1,5198.05,5130.15,0,5158.4,14
PGHH,16557.2,16648.75,16527.05,0,16565,5
PGIL,746.5,749.25,740,0,746.95,870
PIIND,3784.5,3806.95,3775,0,3789.65,98
PHOENIXLTD,3729,3755,3682.6,0,3729.2,258
PIGL,0,0,0,74.3,74.3,
PILITA,11.88,12.18,11.87,0,12.1,248
PKTEA,475.5,475.5,432.05,0,434.45,2
PLASTIBLEN,289.7,296.45,288.25,0,293,0
PITTIENG,1171,1171,1142.9,0,1166.3,538
PNB,122.97,123.95,122.11,0,122.32,471635
PIDILITIND,3097.4,3111.4,3080,0,3103.65,269
PIXTRANS,1381.6,1400,1375,0,1384.15,46
PNBGILTS,132,135.85,131.31,0,134.27,3611
PLAZACABLE,88.46,88.67,87.6,0,88.13,110
PNC,66.5,66.74,65.7,0,66.07,50
PILANIINVS,5200,5200,5047.1,0,5105,52
PNBHOUSING,808.8,809.9,800.5,0,803,2401
PLATIND,214.4,217,208.21,0,210.45,2008
PNCINFRA,491.5,494,485.55,0,486,893
POCL,942.15,948.9,925.85,0,932.85,361
PODDARHOUS,0,0,0,0,89.49,0
PODDARMENT,440.45,442.45,436.9,0,440,31
POKARNA,741.9,751.85,736,0,751.85,128
PIONEEREMB,49.4,49.4,48.1,0,48.36,15
POLYCAB,6675,6687.45,6600.15,0,6626.75,225
PPL,483,524.9,481,0,499.95,1704
PPLPHARMA,157.35,159.25,157.13,0,158.25,7311
PRAENG,35.72,36.04,34.86,0,34.99,0
PRAJIND,732,737.5,726.3,0,735,1750
PRAKASH,203.21,203.21,199.31,0,201.59,10862
PRAKASHSTL,9.52,9.69,9.11,0,9.3,32555
PRAXIS,0,0,0,17.49,0,
PPAP,217.8,217.82,216.1,0,217.08,1
POLYPLEX,1080.05,1090.45,1070.9,0,1087.45,1016
POLICYBZR,1411.3,1420.3,1388.65,0,1398.85,2113
POLYMED,2049.95,2106.7,2049.95,0,2078.8,170
POWERMECH,5028.25,5084.35,5017.55,0,5021.85,27
POONAWALLA,420.9,423.95,417.3,0,419.5,36333
POWERGRID,335,336.35,332.85,0,336,17359
PONNIERODE,534.1,537.65,525.25,0,526.6,912
PRECAM,194.85,196.72,194.85,0,195.77,55
PRECOT,507,523.45,507,0,515.8,42
PRECWIRE,166.1,167.5,165,0,167.06,892
PREMEXPLN,740,755,740,0,750,2304
PREMIER,4.78,4.79,4.77,0,4.79,451
PREMIERPOL,211,214.37,210.01,0,212.41,252
POWERINDIA,13700,13799.95,13500,0,13687.65,161
PRICOLLTD,494.45,498,490.55,0,495,2251
PRESTIGE,1801.95,1808.9,1785.4,0,1797.65,796
PRINCEPIPE,699,699,685,0,694,572
PRITIKAUTO,27.7,28.35,27.7,0,28.3,51
PRIMESECU,224.05,229.98,224,0,227.04,9
PRUDMOULI,22.19,22.75,20.71,0,20.84,0
PSB,58.89,59.44,58.6,0,58.66,4258
PRUDENT,1956.45,1973.5,1912.5,0,1942.4,65
PRSMJOHNSN,168,168.79,166,0,167.17,78
PRIVISCL,1583.7,1584.2,1562.2,0,1575.05,42
PTL,46.2,47.45,46.2,0,47.02,129
PRITI,141,141.5,140.35,0,140.8,133
PSPPROJECT,682.65,686,680.15,0,681.05,88
PTCIL,15000,15000,14511.15,0,14800,27
PROZONER,29.81,30.23,29.81,0,30.18,326
PTC,213,215.85,212.05,0,215.7,8892
PURVA,535,535,512.7,0,528.55,634
PYRAMID,193.5,193.5,188.52,0,189.45,2279
PVP,26.53,26.53,25.55,0,25.85,795
PUNJABCHEM,1370,1388.2,1370,0,1388,16
QUESS,649,649,632.95,0,634.85,3667
PVSL,251.8,252.99,250.01,0,252.11,50
PVRINOX,1471,1475.75,1465.7,0,1472.25,1040
QUICKHEAL,525,543.25,524.8,0,530.5,524
RADAAN,2.25,2.26,2.25,0,2.26,21
RACE,440,440,430.05,0,431.9,0
RADHIKAJWE,62.6,62.61,61.86,0,62.27,2567
RADIANTCMS,80,80.5,79.8,0,80.02,0
RAJSREESUG,76.59,77.3,76.07,0,76.85,502
RAJTV,94.95,94.95,94.45,0,94.45,153
RALLIS,338.1,340.85,334.3,0,339.95,1780
RADIOCITY,16.1,16.9,16.04,0,16.35,610
RADICO,1731,1736,1714.95,0,1724.45,69
RAMANEWS,20.7,20.71,20.47,0,20.54,0
RAJMET,11.85,11.9,11.51,0,11.62,5952
RAJRILTD,21.34,21.34,20.62,0,20.9,1000
RAILTEL,489,505.9,487.55,0,505,55808
RAJESHEXPO,288,288.75,287.05,0,287.45,866
RAMAPHO,198.5,200.95,196.61,0,198.6,1031
RAMASTEEL,11.19,11.23,11.06,0,11.16,37707
RAJRATAN,585.8,587.8,580.05,0,581.6,13
RAMCOSYS,353.8,353.8,341.3,0,347,155
RAMCOIND,261.9,262.55,259.23,0,260.46,86
RAINBOW,1329,1329.25,1293.45,0,1304.2,1260
RAIN,168,168.79,167.21,0,168.05,5352
RAMRAT,419.1,430,416,0,422.8,4132
RAMKY,619.35,619.35,606.95,0,609.45,91
RANASUG,25.05,25.18,25,0,25.07,1866
RAMCOCEM,810.5,817.7,801,0,816.45,7638
RAYMOND,3040,3150,3004.3,0,3130.85,17348
RANEHOLDIN,1720,1729.05,1687.95,0,1705,17
RANEENGINE,420,424.6,420,0,422.15,3
RATNAMANI,3665.5,3668,3611.75,0,3619.7,0
RATEGAIN,808,816.5,804.05,0,805.45,1702
RBL,1008,1011,999.55,0,1005.6,158
RATNAVEER,169.62,169.69,166.69,0,167.73,5477
RCF,202.93,205.37,201.75,0,204.24,34835
REDINGTON,215.05,218,215.05,0,216.47,0
RBLBANK,259,260.65,255,0,258.2,76697
RECLTD,577,580.8,572.4,0,579.7,52764
REDTAPE,769,771.8,765.95,0,766.3,127
RBA,110.09,113.5,110.09,0,112.3,76477
RELINFRA,187.9,188.48,186.11,0,186.31,9843
RELCHEMQ,250,250,243.91,0,247.1,201
REGENCERAM,0,0,0,57.69,0,
RBZJEWEL,133.6,135.5,131.5,0,134.98,20
RELIANCE,3107.65,3130,3096,0,3128.95,16121
RELIGARE,243,246.96,242.99,0,244.64,2573
REFEX,206,216.69,203.1,0,214.49,8880
RELAXO,835.1,835.1,830.05,0,831.05,233
RENUKA,48.09,48.6,48.02,0,48.29,35890
RESPONIND,320,323.7,310.9,0,311.75,6292
REPRO,629.4,634.45,625.1,0,631.3,0
REPCOHOME,555.5,558,552.9,0,557.6,725
REMSONSIND,214.1,214.8,209,0,212,3785
REPL,181.3,183.88,180.5,0,183.05,156
RETAIL,38.2,38.5,37.21,0,38.5,0
RGL,106.03,106.03,105.44,0,105.74,519
RKEC,121.59,129.7,121.5,0,128.17,2143
RKFORGE,962,965.6,945,0,950,1028
RKSWAMY,264.25,265.8,263.05,0,265.25,80
RIIL,1378.5,1385.7,1373,0,1379.75,1722
RICOAUTO,135.65,135.75,134.5,0,134.99,2136
RHIM,635,637.45,629,0,629.6,757
RHL,186.75,191.08,180.56,0,180.8,0
RITCO,311.75,321,309.65,0,315.05,548
RISHABH,447.3,449.95,444.15,0,449.4,30
ROHLTD,363.5,364.95,362.35,0,363,0
RHFL,0,0,0,3.71,3.71,
RML,889.95,892.45,883,0,884.95,0
RITES,754.1,761.8,745.05,0,760.3,42694
RKDL,30.5,31.26,29.58,0,30.97,250
ROLEXRINGS,2521.5,2575,2518.75,0,2520.05,19
ROML,0,0,0,0,51.85,0
ROSSARI,833,833,823.8,0,825.15,195
RPOWER,28.2,28.53,28.11,0,28.28,94588
ROTO,709,716,682.05,0,699.05,2350
ROLLT,0,0,0,4.73,4.73,
ROSSELLIND,576.05,579.3,570.55,0,573.9,162
RPSGVENT,733.7,764,730,0,762,24
ROUTE,1771,1771,1754.65,0,1756.15,421
RSSOFTWARE,291,295.22,268.2,0,295.22,17309
RPGLIFE,1576,1576.05,1555.55,0,1573,17
RPPINFRA,140.55,142,140.01,0,140.97,109
RTNINDIA,81.15,81.79,80.79,0,81.21,16845
RPPL,73.5,73.5,71.38,0,72.15,1000
RRKABEL,1801,1825,1794.9,0,1800,162
RPTECH,402.05,419.9,394.1,0,415.65,10380
RSYSTEMS,512.8,514.65,508.25,0,510,0
RUBYMILLS,239.7,241.08,238.75,0,240.01,190
RUSHIL,349,350,343.1,0,346,255
RSWM,228.12,230.55,226,0,229.21,500
RUPA,283.5,284,281.7,0,282.1,237
RUCHIRA,143.2,143.25,142.25,0,142.65,0
RVNL,424.95,452,424.55,0,451.3,328106
RTNPOWER,17.15,17.29,16.85,0,16.93,132268
RUSTOMJEE,670,670,665,0,667,20
SADBHIN,5.65,5.7,5.64,0,5.69,470
SABTNL,0,0,0,108.25,0,
RUCHINFRA,13.98,14.9,12.65,0,14.89,39074
RVHL,47.3,47.3,46.64,0,46.73,55
SADBHAV,31.74,31.74,29.25,0,30.6,0
SADHNANIQ,67.3,67.58,67.11,0,67.45,270
SAFARI,2136.6,2155,2130.5,0,2152,0
SAGARDEEP,27.95,27.95,26.86,0,27.35,50
SABEVENTS,9.18,9.18,8.8,0,8.82,1076
SAH,94,94.4,92.81,0,92.81,0
SALSTEEL,24,24,23,0,23.16,1383
SALZERELEC,951.9,954.25,931,0,935.6,502
SAMBHAAV,4.91,4.91,4.61,0,4.85,1974
SAMHI,188.37,191.99,186.54,0,190.53,5062
SALASAR,18.98,19.05,18.86,0,18.86,17294
SAMPANN,40.55,40.55,37.05,0,37.5,5726
SAIL,151.4,151.4,149.85,0,150.87,58510
SAKSOFT,288,290.4,286.35,0,287.05,336
SANDHAR,589,589,580.05,0,583.65,150
SALONA,311.05,311.95,306.6,0,310,0
SAKHTISUG,38.28,38.41,37.99,0,38.12,1119
SAKAR,317.8,319.1,316.4,0,318.55,0
SANGAMIND,410.05,415.95,410.05,0,413.4,37
SAGCEM,252.85,253.35,251.25,0,251.95,0
SANDUMA,565.1,566.55,558.55,0,558.65,22
SANGHVIMOV,1106.05,1131.9,1106.05,0,1114.55,0
SAKUMA,31.59,32.13,31.41,0,31.55,0
SANOFI,6649,6649,6581.8,0,6596.9,62
SAHYADRI,423.7,423.7,421.3,0,422.65,13
SANDESH,1539.1,1562.5,1537.7,0,1562.5,5
SANGINITA,18.01,18.59,18.01,0,18.21,321
SARDAEN,242.5,243,237.63,0,240,1221
SAREGAMA,544.45,548.95,543.1,0,546.55,541
SARVESHWAR,10.49,10.83,10.01,0,10.13,0
SANGHIIND,100,100.44,99.9,0,99.96,750
SARLAPOLY,106.8,106.85,104.31,0,104.5,0
SANSERA,1370.95,1393,1370.95,0,1375.55,134
SAPPHIRE,1588,1621,1581.05,0,1616.75,35
SASTASUNDR,330.8,362.9,328.5,0,356.25,32
SATINDLTD,91.4,92.2,91.13,0,91.7,142
SASKEN,1876.05,1880,1842.45,0,1842.45,11
SATIA,137,137.77,135.76,0,137.57,1622
SBIN,838,844.9,837,0,839.85,22570
SBILIFE,1507.75,1524.5,1505.45,0,1521.1,736
SBCL,598.95,605.85,598.95,0,600,381
SBC,27.7,27.95,27.63,0,27.72,384
SATIN,221.1,221.26,218.2,0,218.42,270
SBGLP,122.93,122.93,121.56,0,121.8,0
SCI,269.95,274.15,266.55,0,273,21645
SAURASHCEM,135,136.84,134.86,0,135.03,150
SBFC,83,83.78,82.5,0,82.76,1718
SCHAND,235.52,238.98,233.56,0,237.76,166
SCHNEIDER,929.35,929.35,907,0,911.45,926
SCHAEFFLER,4687.45,4687.45,4603.2,0,4618.7,60
SDBL,118.09,118.9,117.62,0,118.45,2300
SBICARD,718.9,719.95,714.35,0,715.4,1041
SCILAL,83.65,84,82.8,0,83.4,17478
SCPL,583.5,585.95,574.65,0,580.95,51
SEAMECLTD,1316.45,1365,1316,0,1361.85,288
SECMARK,0,0,0,0,98,0
SEQUENT,134.2,134.9,133.1,0,133.56,0
SERVOTECH,88,89.79,87.54,0,89,4237
SESHAPAPER,358.6,358.6,355.1,0,356.8,37
SETCO,15.81,15.81,15.81,0,15.81,18054
SEYAIND,24.4,24.4,23.32,0,23.32,0
SFL,995.9,1005.95,991.1,0,997,176
SEMAC,622.4,625.8,616.6,0,616.6,0
SEJALLTD,359.9,359.9,358,0,358,0
SENCO,1075,1088.9,1071.35,0,1085.95,67
SGIL,395.95,414.35,394,0,414,46
SECURKLOUD,41,42.9,39.6,0,42.9,1
SECURCRED,11.45,11.6,11.42,0,11.49,5
SGL,17.96,17.96,17.3,0,17.59,0
SEPC-RE2,5.2,5.3,4.39,0,4.61,86078
SELAN,735,769.9,725.05,0,755.5,0
SEPC,19.33,19.36,18.79,0,18.84,11018
SELMC,60.69,60.83,59.67,0,60.81,200
SHAKTIPUMP,4577.15,4577.15,4405.5,0,4540,14717
SHAILY,881.8,894.85,879.05,0,891.4,58
SHALBY,278,287.4,278,0,285.85,163
SHAH,4.03,4.27,4.03,0,4.24,0
SHANTIGEAR,617.1,621,613.9,0,618,100
SHARDACROP,482.7,488.75,482.7,0,483.95,73
SHANKARA,710,719.8,710,0,718.2,177
SHAHALLOYS,64.4,64.4,62.85,0,63.2,0
SHANTI,16.42,16.42,16.25,0,16.29,1
SHALPAINTS,155.7,156.59,151.36,0,152.8,9170
SHAREINDIA,305.1,306.15,301.2,0,301.75,1499
SHARDAMOTR,2586.8,2590,2480,0,2481.25,268
SHEMAROO,159,159.87,157.13,0,157.85,1
SHIVALIK,752,752.05,723.25,0,745,311
SHIVAMILLS,91.9,93.31,91.9,0,92.53,0
SHILPAMED,601,669,601,0,639.3,9013
SHIVATEX,188,189.89,186.31,0,188.5,1
SHIVAMAUTO,41.7,42.09,41.1,0,41.3,0
SHREEPUSHK,224.8,226.49,219.2,0,226.07,535
SHRADHA,171.8,172.5,164.3,0,172.5,1350
SHOPERSTOP,782,784.65,769,0,774,177
SHK,196.95,196.95,194.2,0,194.2,538
SHREDIGCEM,112.9,113.19,112.25,0,112.39,2754
SHREYANIND,274.25,279.35,274.25,0,277.55,163
SHREECEM,27445,27519.7,27297.6,0,27455.05,10
SHRIPISTON,1876,1890,1860.1,0,1872.5,230
SHREYAS,340,341.5,337,0,337,152
SHREERAMA,27.85,27.85,27,0,27.69,500
SHRENIK,1.42,1.45,1.33,0,1.36,1034908
SHRIRAMPPS,110.05,110.89,109.66,0,110.55,944
SHYAMCENT,17.29,17.43,17,0,17.27,2134
SHRIRAMFIN,2835,2846.95,2822.7,0,2829,675
SHYAMTEL,0,0,0,14.54,14.54,
SILGO,35.61,35.8,35.56,0,35.78,0
SILINV,621.3,624.9,608.3,0,611,818
SILLYMONKS,17.89,17.89,17.6,0,17.6,0
SILVERTUC,755,755,732.7,0,734.85,44
SIMBHALS,32.52,32.99,32.02,0,32.11,0
SIEMENS,7868,7874.7,7815,0,7872.9,635
SIGNATURE,1486,1496.8,1463.65,0,1474.6,370
SHYAMMETL,721.85,731.9,716.05,0,725.8,797
SIGMA,417,418.95,415.25,0,418.6,10
SIL,27.4,27.4,26.37,0,26.42,10011
SINCLAIR,116.5,118.4,116.5,0,117.99,0
SIMPLEXINF,153.32,153.32,148.05,0,150,47586
SIGACHI,62.8,63,61.74,0,61.9,2810
SIS,455.6,459.6,454,0,455.2,67
SIKKO,98.7,98.7,94,0,96,75
SIGNPOST,279,281.8,277.05,0,278.7,2
SIGIND,86.9,88.59,86.8,0,87.24,0
SJS,857.85,858.45,846.2,0,848.9,135
SINTERCOM,138.87,138.87,138.86,0,138.86,0
SIYSIL,514.65,520.1,510.4,0,512.8,0
SINDHUTRAD,20.02,20.62,20.02,0,20.58,78360
SKMEGGPROD,260.15,261.55,259.5,0,260,291
SKFINDIA,6435,6444,6375.05,0,6408.65,179
SIRCA,350,350.9,346.75,0,348.1,241
SKIPPER,393.95,395,382,0,387.3,8404
SMARTLINK,310.2,324.3,310.2,0,324.3,0
SITINET,0.69,0.69,0.69,0,0.69,0
SMLISUZU,2124.75,2124.75,2073.35,0,2075.5,797
SJVN,140.95,142.65,139.45,0,140.57,134913
SMLT,200.65,205.87,196.61,0,197.79,200
SOBHA,2050,2155.35,2041.3,0,2058,0
SKYGOLD,1780,1828,1760,0,1809,0
SMCGLOBAL,154.9,154.9,151.1,0,153.56,132
SMSLIFE,849,854.65,843.95,0,853,0
SOMICONVEY,174.87,174.87,169.3,0,172,46
SNOWMAN,78.69,79.4,78.26,0,78.54,6525
SOLARA,560,563.75,556.2,0,560.8,182
SOLARINDS,12400,12460.9,11835.5,0,12263.3,0
SMSPHARMA,245.65,248.6,243.3,0,247.86,0
SOFTTECH,364,364,356.55,0,360,10
SOMANYCERA,818,822.8,812.05,0,813.75,673
SOMATEX,33.3,33.3,33.3,0,33.3,0
SOUTHWEST,127,129,124.63,0,129,1084
SPAL,796.05,804.95,778,0,804.75,22
SONAMLTD,38.98,38.99,38.35,0,38.35,22
SONACOMS,666.9,666.9,652.9,0,655.55,2283
SONATSOFTW,648,648.9,640.4,0,642.45,2906
SOTL,635.05,653,635.05,0,646.7,10391
SOUTHBANK,26.86,26.94,26.6,0,26.6,36148
SPANDANA,741.5,742.45,735,0,737.2,261
SPYL,0,0,0,4.65,4.65,
SREEL,294.7,303.1,294.1,0,299.95,0
SRF,2390.05,2391,2372.8,0,2387.9,356
SRGHFL,394.5,394.5,376.1,0,380.7,40
SRHHYPOLTD,572,572,560.95,0,562.3,186
SPMLINFRA,203,203,200.13,0,203,6186
SPLPETRO,780,796.6,780,0,792.65,5
SPORTKING,861,867.95,861,0,866,454
SRM,176,177.07,175.03,0,176.05,0
SPCENET,32.89,32.89,32.3,0,32.57,3368
SPIC,84.47,84.7,83.51,0,84.33,258
SPARC,242.93,243.87,241.01,0,243.76,3433
SPENCERS,86.5,88.58,86,0,86.9,447
SRPL,0,0,0,1.29,0,
SPLIL,62,62.71,61.8,0,61.9,50
SPECIALITY,172.4,174.11,171.3,0,172,10
SSWL,238,243.76,236,0,240.54,6986
STARTECK,297.25,297.45,294.2,0,297.45,0
STCINDIA,178.6,191,178.08,0,184.55,1174
STARCEMENT,210.49,210.49,209.3,0,209.82,344
STARPAPER,264.05,269.9,264.05,0,267,41
STANLEY,488.65,489.55,485.8,0,486.5,1550
STEELCAS,670.05,681.75,668.3,0,681.65,3
STEELCITY,90.71,91.33,90,0,90.09,0
STARHEALTH,587.5,588,578,0,579.15,2291
STAR,953.1,964.8,949.6,0,950.6,70
STEELXIND,14.16,14.3,14.13,0,14.16,9246
STLTECH,141.89,143.11,138,0,138.83,9934
SUBEXLTD,32.4,32.4,31.8,0,32.14,79957
STERTOOLS,380,385.4,377.9,0,383.1,1087
STOVEKRAFT,640,641.35,629.4,0,631.65,422
STYLAMIND,1965,1979.85,1958.55,0,1973,13
STEL,450.2,459.9,450.2,0,454.55,26
SUKHJITS,474.2,478.9,471,0,475.2,1
SUDARSCHEM,925.25,937.9,915.05,0,935.95,580
STYRENIX,2293.15,2325,2285.7,0,2315,32
SUMICHEM,493.9,496.7,491.15,0,492.65,202
SUBROS,714.9,716.45,705,0,707.1,172
SUMEETINDS,2.53,2.54,2.53,0,2.54,1000
SULA,502,502,498.7,0,499.25,0
SUMMITSEC,1896,1960,1896,0,1909.95,12
SUNDRMFAST,1413.5,1422.65,1409.6,0,1416,70
SUMIT,87.94,87.94,84.3,0,86,10
SUNDARAM,3.32,3.38,3.27,0,3.37,10491
SUNCLAY,1731,1815.7,1731,0,1773.6,63
SUNDRMBRAK,775.5,790.85,775.5,0,789.15,1
SUNDARMFIN,4607.75,4662.45,4582.6,0,4590.05,8
SUNFLAG,258.4,262.7,252.7,0,261.25,29336
SUNDARMHLD,264.2,267.95,264.2,0,267,152
SUPRAJIT,527,542,524.75,0,535.6,988
SUPRIYA,404.95,407.4,400.2,0,405,1111
SUNTECK,539,544.8,535.25,0,540.25,98
SUNPHARMA,1562,1574.4,1557,0,1566.5,3652
SUPREMEENG,0,0,0,1.15,1.15,
SURAJEST,590.95,592.8,578,0,584.3,1706
SURYAROSNI,675,677.25,670,0,673.65,556
SURANASOL,40,40.39,39.5,0,39.78,3186
SUPERSPIN,8.49,8.61,8.38,0,8.45,1008
SURYALAXMI,88.21,90.88,85.4,0,90.24,170
SUPREMEIND,6065.35,6109.95,6040.05,0,6066,272
SUNTV,781,788.3,778.05,0,780.9,0
SUPERHOUSE,218.7,219.96,217.05,0,218.84,0
SUULD,6.29,6.35,6.06,0,6.28,36096
SUVEN,119.49,127.43,115.83,0,124.46,15595
SUVIDHAA,5.57,5.57,5.43,0,5.48,7663
SVLL,229.45,229.45,228.01,0,228.01,0
SURYODAY,192.7,196.31,192,0,192.43,2300
SWARAJENG,2905.85,2914.75,2892.15,0,2899.4,27
SUPREMEINF,111.45,111.45,111.45,0,111.45,0
SWSOLAR,708,714,697.55,0,706,1328
SYMPHONY,1147,1160,1140,0,1153.7,110
SWELECTES,1297,1299.45,1267,0,1269.45,124
TAJGVK,330.55,332.8,330.15,0,331.7,688
SYNGENE,725.75,732.9,725.05,0,727.9,2155
SYRMA,506.65,507.6,501,0,502.9,1012
SYNCOMF,12.68,12.87,12.62,0,12.67,7426
SUZLON,54.37,55.18,53.8,0,54.95,314688
SUVENPHAR,821.05,821.05,804.3,0,811.6,384
SWANENERGY,634,659.65,634,0,659.65,10216
TALBROAUTO,336.35,336.95,330.15,0,334.05,0
SUTLEJTEX,62.98,64.43,62.8,0,63.72,0
SVPGLOB,7.93,8.09,7.93,0,7.97,193
TARACHAND,507.7,507.7,507.7,0,507.7,4117
TARC,222.1,228.54,222.05,0,226.75,5785
TARSONS,504.15,507,502.95,0,503.55,170
TARMAT,0,0,0,86.55,0,
TATACHEM,1103.65,1110,1098.7,0,1099.4,1621
TAINWALCHM,188,188,186,0,187,0
TASTYBITE,10550.05,10550.05,10320.05,0,10340,3
TAKE,21.65,21.65,21.18,0,21.26,16
TARAPUR,0,0,0,13.21,13.21,
TATAMTRDVR,679.45,681.45,676.1,0,678,4047
TATACONSUM,1135.4,1144.7,1135.2,0,1137.9,1120
TANLA,964.95,964.95,950.5,0,952,0
TATACOMM,1878.7,1889.9,1873.2,0,1881.5,521
TATAINVEST,6585,6608,6543.5,0,6556.95,129
TATAMOTORS,1005,1006.6,995.5,0,999.65,111609
TATAELXSI,7075.85,7106.4,7038.25,0,7076.5,622
TATASTEEL,176.2,176.2,173.4,0,174.58,126192
TCIFINANCE,0,0,0,17.24,17.24,
TCNSBRANDS,569.9,569.9,556.9,0,559.25,551
TBZ,132.27,132.27,130.29,0,130.3,870
TATVA,1153.15,1165,1142.15,0,1146.6,75
TBOTEK,1879.75,1890,1858,0,1858,91
TCS,4010,4026.75,3995.55,0,4009.95,7746
TCIEXP,1253.8,1253.8,1229,0,1232,38
TEAMLEASE,2969.75,2973.7,2902.35,0,2963.65,0
TCI,948,951.45,945,0,947.35,26
TCPLPACK,2550,2579.7,2522.3,0,2568,1086
TECHM,1467,1468,1457.35,0,1462.6,0
TDPOWERSYS,384,389.95,383.3,0,388.6,922
TCLCONS,50.25,50.87,49.3,0,50.59,2187
TECHIN,28,28.06,27.55,0,27.55,241
TECHNOE,1479.95,1485,1450,0,1464,882
TATATECH,1012.95,1019,1009.4,0,1015,2912
TEJASNET,1440.9,1440.9,1416.5,0,1424,2926
TEXMOPIPES,76.02,76.86,75.97,0,76.5,1
TEXRAIL,254.95,262.7,254,0,260.77,44461
TECILCHEM,0,0,0,0,25.83,0
TERASOFT,78.15,78.75,76.21,0,77,0
TEMBO,234,238.8,234,0,235.98,3
TGBHOTELS,16.84,17.47,16.67,0,17.23,501
TFL,0,0,0,19.1,0,
THANGAMAYL,1763,1768.3,1748.45,0,1749.8,88
TATAPOWER,436.45,437.1,434,0,435.85,20637
TEGA,1768.4,1770.45,1731,0,1737.35,266
THEJO,3590.15,3595.5,3520,0,3554.7,46
THEMISMED,206.79,206.94,198.55,0,204.78,0
THOMASCOOK,248.61,257.7,248.61,0,257.5,1650
TFCILTD,205.79,205.79,201.48,0,202.95,5824
TI,247,247.5,244.25,0,244.5,1058
THOMASCOTT,0,0,0,292,0,
TIIL,2939,2939,2904.95,0,2911.4,0
TEXINFRA,140.2,142.8,139.7,0,141.9,1844
THYROCARE,647.35,647.35,641.5,0,641.55,151
TIINDIA,4299.9,4300,4171,0,4186.15,627
TIMESGTY,128.31,132.79,121.51,0,131.47,0
TIJARIA,18,18,17.55,0,17.9,4
TIMETECHNO,332.45,332.7,328.35,0,331.15,629
TIL,0,0,0,227.4,0,
TIMKEN,4379.95,4408.45,4325,0,4333.85,0
THERMAX,5289.95,5434.45,5289.95,0,5381.05,35
THEINVEST,187.8,191.99,180.1,0,184.58,5966
TIPSINDLTD,458.4,462.75,456.25,0,458.5,124
TIPSFILMS,540.2,554.85,540.2,0,551.2,36
TIRUMALCHM,315.25,319,313.05,0,317.35,766
TIRUPATIFL,27.4,27.4,25.25,0,25.89,5764
TIDEWATER,2358,2358,2301.3,0,2323,0
TMB,481,482.25,480.05,0,481.45,45
TOUCHWOOD,144.95,144.95,139.85,0,141.56,2
TPHQ,1.5,1.52,1.48,0,1.52,743587
TPLPLASTEH,97.8,100.25,97.1,0,97.9,8644
TRACXN,97.45,97.8,96.33,0,96.35,21489
TREEHOUSE,28.05,30,27.61,0,28.43,1219
TNPETRO,96.5,97.57,96.4,0,97.3,929
TOTAL,120.51,120.51,118.1,0,118.61,0
TNTELE,0,0,0,10,10,
TRF,0,0,0,531,531,
TREL,45.28,46.5,45.1,0,45.43,1562
TNPL,285.05,287.65,283.6,0,283.8,72
TITAN,3332,3332,3285,0,3299.05,7395
TORNTPOWER,1513.9,1522,1501.75,0,1507.8,0
TITAGARH,1799,1800,1770.35,0,1778.45,8637
TORNTPHARM,2874.7,2924,2874.7,0,2916.65,350
TREJHARA,0,0,0,196.2,0,
TOKYOPLAST,125.5,127,123.7,0,125.1,56
TRITURBINE,646.8,646.8,633.55,0,639.05,1202
TRIGYN,139,140.9,139,0,140,450
TRIDENT,38.26,38.38,38.05,0,38.16,42616
TTKHLTCARE,1455.9,1469.95,1450.05,0,1460,8
TRU,47.73,48.18,47.3,0,47.72,15365
TRIL,800.3,800.3,775,0,790,882
TTKPRESTIG,874,900.95,861.05,0,886,5578
TTML,76.69,76.89,76.16,0,76.32,9717
TRENT,5560,5596.25,5535,0,5566,1148
TV18BRDCST,44.95,45.3,44.67,0,44.79,0
TVSMOTOR,2369.05,2409,2369.05,0,2402.7,1169
TVSSCS,190,194.3,188.7,0,193.32,14807
TVSHLTD,13850,13984.95,13631.1,0,13660,1
TVSSRICHAK,4420.45,4448.45,4370.55,0,4384.3,0
UBL,2020,2040,2016.5,0,2032.8,391
TVTODAY,237.95,238.99,236.05,0,237.16,1546
TRIVENI,393.7,395.75,392.15,0,393.85,0
TTL,117.9,119.18,117.3,0,118.37,0
TVSELECT,363.5,366,361.35,0,362,15
UGARSUGAR,83.25,83.58,82.61,0,82.87,429
UDS,314.9,316.95,308.85,0,310.5,397
UGROCAP,273.15,274.7,272.5,0,273.55,348
TVVISION,0,0,0,6.05,0,
ULTRACEMCO,11796.55,11824.55,11685.8,0,11701.05,379
UCAL,179.85,179.9,178.1,0,178.15,100
UFLEX,567,574,563.85,0,565,854
UMANGDAIRY,114.44,114.85,112.05,0,112.39,282
UCOBANK,54.28,55.45,54.25,0,54.62,75236
UFO,134,134.93,133.93,0,134,53
UJJIVANSFB,44.51,44.88,44.11,0,44.41,294327
UMAEXPORTS,86.07,87.99,85.01,0,85.8,0
UDAICEMENT,46.77,46.84,46.03,0,46.12,5413
UNIDT,232.54,237.01,232.3,0,234,0
UNITEDTEA,402.45,409.65,402.45,0,407,0
UNIVASTU,177.1,178,172.48,0,178,0
UNIVCABLES,754.9,773.95,735.35,0,759.95,25
UNIVPHOTO,387.05,387.05,380,0,380.1,0
UNOMINDA,1163.8,1180.95,1161.7,0,1169,1353
UNICHEMLAB,534.8,534.8,532.65,0,533.95,1
UNITECH,11.37,11.38,11.2,0,11.3,103234
UNITDSPR,1259.4,1267.75,1249.3,0,1259.7,589
UPL,570.8,573.8,567.7,0,571.15,1679
UNIONBANK,135.5,136.34,135.2,0,135.74,49662
UMESLTD,7.74,7.74,7.74,0,7.74,28634
USK,78.54,79.45,77.5,0,78.28,238
URAVI,565.8,565.8,550.05,0,559.9,0
UNITEDPOLY,91.44,91.9,89.01,0,89.22,1604
URJA,21,21.1,20.8,0,20.89,27172
UNIPARTS,520.6,525.3,519.2,0,519.2,0
UNIENTER,173.7,175,172.3,0,175,20
UTIAMC,1044,1050.9,1041.25,0,1042.65,284
USHAMART,412,427.8,412,0,414.2,3936
UNIINFO,39.59,39.61,39.4,0,39.47,0
UTTAMSUGAR,351.7,353,350.05,0,350.05,0
VAIBHAVGBL,321.95,323.6,320,0,320.6,1772
VAKRANGEE,22.25,22.59,22.16,0,22.49,0
VADILALIND,4396.95,4416.95,4320.05,0,4346.95,4
V2RETAIL,791,791.5,775,0,777,127
VALIANTLAB,138.9,139.53,138.7,0,139.42,16
VALIANTORG,416.8,424,414,0,421.75,14
UTKARSHBNK,52.85,52.97,51.4,0,51.46,31104
VASCONEQ,72.95,73.28,72.52,0,73.18,2414
VARDMNPOLY,9.45,9.65,9.31,0,9.51,500
VENUSPIPES,2058.7,2064.05,2018.55,0,2035.7,30
VASWANI,33.6,34,33.02,0,33.8,74
VBL,1625.25,1625.85,1613,0,1615.6,4599
VEDL,470.4,472.5,467.3,0,469.7,24782
VENKEYS,1970,1977.4,1966.55,0,1967,6
VAISHALI,167.3,167.3,165.45,0,166.12,494
VARDHACRLC,62.7,62.7,60.31,0,61.43,5262
VENUSREM,370,383.4,369.95,0,379.15,0
VARROC,672,675,666.15,0,668.8,510
VERANDA,269,275.45,267,0,273.89,564
VGUARD,463,474.9,460,0,470,1006
VIJIFIN,0,0,0,3.43,0,
VETO,141.65,142,139.85,0,140.53,5999
VHL,4160,4160,4055.2,0,4112.3,17
VIDHIING,440.2,440.2,434.5,0,437.05,0
VIKASECO,4.06,4.14,4.05,0,4.08,70595
VERTOZ,36.05,36.05,36.05,0,36.05,2980
VIJAYA,780,804.3,780,0,801,1172
VESUVIUS,5084.4,5223.8,5052.15,0,5154.2,28
VIMTALABS,520.4,545,515.15,0,532.3,0
VIRINCHI,34.43,34.78,34.16,0,34.31,502
VISAKAIND,117.5,117.58,116.26,0,116.89,607
VISHNU,462,478,461.85,0,467.4,135
VINDHYATEL,2532.75,2532.75,2493.8,0,2506,1
VIVIDHA,1.29,1.3,1.26,0,1.3,108868
VIPIND,478.3,481.5,478.05,0,479.95,358
VISHWARAJ,17.5,17.5,17.32,0,17.33,0
VINNY,4.51,4.51,4.4,0,4.47,0
VINEETLAB,58.76,59.25,58.01,0,58.44,0
VIPULLTD,50.27,51.18,49.64,0,49.96,4752
VIKASLIFE,5.49,5.56,5.43,0,5.46,51219
VOLTAMP,12940.45,13024.4,12648.7,0,12935.55,0
VOLTAS,1440,1458.95,1440,0,1453.55,496
VINATIORGA,1949,1952.6,1922.45,0,1932.7,72
VINYLINDIA,420,423,418,0,420.2,148
VPRPL,206.95,207.7,204.5,0,206,3424
VSSL,306.7,308.05,304.1,0,304.55,151
VSTIND,4121,4177.8,4080,0,4085.35,965
VLEGOV,67,69.45,67,0,69.45,4486
VIPCLOTHNG,39,42.75,39,0,42.2,3094
VRAJ,273,273,253.35,0,265,287089
VSTTILLERS,4150,4176.75,4140.85,0,4153.3,24
WANBURY,169.23,169.23,163.93,0,164,0
VSTL,256.15,258,254.85,0,257,20
VTL,491,491.2,483.65,0,484,1139
VLSFINANCE,299,299.3,295.45,0,296.8,386
WABAG,1338.6,1348,1321.5,0,1322.45,1450
WALCHANNAG,300.32,300.32,287,0,300.32,15962
VMART,3075.25,3119,3056.35,0,3119,40
WEIZMANIND,126.9,128.7,123.63,0,124,51
WEALTH,794.9,798,794.1,0,796.85,9
WENDT,15686.35,15777.85,15625.95,0,15649.05,0
WELINV,810.85,820,791.7,0,819.4,0
VRLLOG,595,595,581.8,0,583.9,107
WEBELSOLAR,578,584,570,0,575.5,618
WILLAMAGOR,39.6,39.6,37.99,0,39.01,780
WEWIN,0,0,0,77.48,77.48,
WELSPUNLIV,150.97,151.54,149.32,0,149.99,2644
WELENT,479.8,481.8,475,0,478.55,1225
WEL,952,991.8,952,0,986.5,34
WELCORP,605.1,616.4,605.1,0,611.8,4921
WIPL,158.84,158.84,153.95,0,156.35,0
WESTLIFE,830,838.25,824.65,0,838,68
WHIRLPOOL,2003.1,2014.9,1968,0,1971.5,461
WHEELS,862.15,862.15,851.2,0,855.9,27
WINDMACHIN,184.65,184.65,173.55,0,178,12806
WINSOME,3.6,3.69,3.55,0,3.68,5401
WIPRO,531.35,535.7,531.05,0,532.1,17096
WINDLAS,714,719.5,711.7,0,712.95,78
WOCKPHARMA,938,947.95,918.6,0,924.1,7567
YATHARTH,433,445.15,428.3,0,442.9,1844
YATRA,128.2,129.97,128.2,0,128.5,2541
YESBANK,23.98,24.07,23.87,0,23.99,585718
YUKEN,1182,1195.95,1182,0,1195,10
ZAGGLE,294.3,295.45,292.8,0,294,6983
ZEEL,152,152.1,150.02,0,150.42,136648
ZEELEARN,0,0,0,8,8,
ZEEMEDIA,14.84,14.85,14.7,0,14.78,0
XCHANGING,123.96,125.2,123.9,0,124.3,616
XELPMOC,118.61,119.85,117.16,0,118,16
XPROINDIA,988,991.05,982,0,990.85,65
WSTCSTPAPR,708,715.7,705.1,0,711.25,126
WSI,172,173.29,170.05,0,170.63,1601
YASHO,1974,1974,1945.15,0,1955.25,26
ZENSARTECH,758,759.5,741,0,741.25,3035
ZENTEC,1445,1454,1411,0,1418,1897
WORTH,126.1,128.49,125.64,0,125.8,227
ZFCVINDIA,15901,16044,15901,0,15990,10
WONDERLA,917,935.5,917,0,929,44
ZODIAC,0,0,0,784.2,784.2,
YAARI,10.52,10.6,10.4,0,10.5,2
ZUARI,223.1,225.15,223,0,223.57,1115
ZOMATO,207,207.98,205.5,0,206.03,93626
ZENITHSTL,15.45,15.45,13.98,0,14,60525
ZENITHEXPO,0,0,0,453.06,0,
ZODIACLOTH,154.45,155,150.3,0,154.5,201
ZYDUSWELL,2081.05,2121.7,2078.3,0,2092.8,83
ZIMLAB,111.5,113.19,111.18,0,112.04,327
ZUARIIND,396.05,396.05,390.05,0,395.15,604
ZOTA,610,610,602,0,602.7,175
ZYDUSLIFE,1145,1162,1137.05,0,1154.15,8701
